Id,Rating
2351,91.86821170617796
2352,74.11172283708535
2353,76.41443864437247
2354,53.8865435515738
2355,77.76734222439191
2356,77.25125670366225
2357,79.80985271751574
2358,75.70239961308536
2359,43.085444066801436
2360,75.21295750952244
2361,56.61770086309163
2362,64.55284971155241
2363,69.39254977936868
2364,94.87106121899244
2365,68.98844371246007
2366,98.53698357406351
2367,54.52401737614257
2368,66.20798749253123
2369,76.8730352551328
2370,56.18328183320799
2371,63.112157808722
2372,92.33236226367863
2373,65.07810970627199
2374,77.39178154658175
2375,41.13596475875526
2376,61.471155244728166
2377,68.63711864839625
2378,55.1448621116413
2379,85.6699909430071
2380,75.56358225568887
2381,69.67110707612453
2382,82.25368843446655
2383,81.4436084511348
2384,91.54464253905641
2385,62.27728626977322
2386,96.21787134702632
2387,71.57294681871785
2388,86.69095020364648
2389,82.18241542621818
2390,79.10143811476841
2391,61.2112242906572
2392,96.00567905748127
2393,44.119667368686734
2394,78.71393431460744
2395,80.22458546378331
2396,94.99897276746427
2397,62.03152447547974
2398,92.23871062260932
2399,82.06390436811151
2400,68.41519593951887
2401,67.01851169075164
2402,87.91699458570818
2403,65.07810970627199
2404,73.8269685010009
2405,60.812687075179056
2406,47.91431096698574
2407,67.47428971495728
2408,51.04635038564993
2409,76.02192504925188
2410,45.218613221807864
2411,82.45718277261489
2412,83.53201256400291
2413,92.5077733295491
2414,89.99826618095894
2415,63.61779565455359
2416,44.29440634649919
2417,52.677385229364845
2418,88.23205419519878
2419,63.77466712078068
2420,78.1526024636034
2421,83.00302873714341
2422,72.4730678216005
2423,75.73386095431609
2424,61.371279094064775
2425,83.0612215092068
2426,62.75209603255735
2427,66.5072743563238
2428,82.91416972495098
2429,80.85182935061539
2430,97.14088578010086
2431,80.4552765674727
2432,84.68541154204367
2433,73.74404344860271
2434,80.66074160310035
2435,82.24662718143787
2436,78.84718736046386
2437,56.94228673336714
2438,73.4963427230195
2439,77.69242370026765
2440,75.99077413312921
2441,56.708398386862065
2442,84.02467121389083
2443,76.62744708961284
2444,67.99945345841576
2445,60.953219203149615
2446,60.11154002851413
2447,70.51372307084515
2448,67.32211479277373
2449,81.06303120715012
2450,73.48427065525772
2451,85.13650578123385
2452,93.59752324235137
2453,77.58754875771659
2454,85.44979497390372
2455,103.27515178335688
2456,47.49053851014338
2457,89.33928176396287
2458,71.43524682188978
2459,96.60877726502852
2460,64.0608151145284
2461,78.27280175599546
2462,69.13901333598895
2463,49.42558477199228
2464,35.95991729486514
2465,78.71393431460744
2466,70.80872807416117
2467,71.52910745940119
2468,87.07169825547766
2469,77.5260817628144
2470,84.40492852214071
2471,103.27515178335688
2472,61.3869509756961
2473,36.65588907880968
2474,47.05180472951667
2475,94.10566722498803
2476,95.97157390632958
2477,87.26109077146981
2478,82.23364533562116
2479,42.833169398045754
2480,53.59453927595143
2481,77.55418166125912
2482,92.97202686259966
2483,31.239262307252396
2484,63.203520207919055
2485,74.4416154088994
2486,84.16798899723906
2487,94.57891996409023
2488,52.88771464161848
2489,78.78319128616944
2490,94.57891996409023
2491,71.45237612874517
2492,93.59752324235137
2493,97.56111778040433
2494,71.52031298921517
2495,67.06316748078171
2496,53.54359199042388
2497,70.84212162314952
2498,64.8873707179022
2499,82.54317255857553
2500,76.6275744920245
2501,86.59926426091532
2502,52.97441824459173
2503,88.95327417184512
2504,70.87907060444321
2505,71.0411076590285
2506,88.61745060127674
2507,71.92530753096938
2508,80.33816655740738
2509,79.03650738609296
2510,49.84758831329347
2511,78.44359035752566
2512,69.2208464403045
2513,71.22579388526103
2514,84.49182173810924
2515,47.54635166953396
2516,51.87731984933011
2517,59.28845520379626
2518,51.77407968928218
2519,65.47678775980906
2520,86.05917580495783
2521,65.21493850818307
2522,60.30643052496593
2523,64.1402909425329
2524,51.67618249943984
2525,84.62758457332198
2526,86.341238983282
2527,86.05617154829939
2528,57.44179562248846
2529,79.61175358059126
2530,97.26957823789216
2531,78.93370004902175
2532,90.64436520654877
2533,70.10709880935435
2534,47.19459725375752
2535,73.05775220488745
2536,94.3255303842216
2537,70.50492335244259
2538,79.80985271751574
2539,74.0984723314893
2540,65.28647511079753
2541,65.7236150956911
2542,59.54543314111447
2543,90.53527331736717
2544,87.47129049674693
2545,65.71262083666959
2546,46.39651114259497
2547,64.84460982643473
2548,96.59007735335169
2549,78.05931757820487
2550,66.17477573588158
2551,87.12510983167245
2552,94.99897276746427
2553,85.71688265542004
2554,77.76586863010925
2555,42.71220495342621
2556,65.9070446773788
2557,78.4368733291351
2558,87.17187052947583
2559,66.67230018712166
2560,80.57887917759719
2561,80.17299664763216
2562,70.1733974442487
2563,69.96557186847755
2564,72.98325135008322
2565,84.29088819029943
2566,91.48763917866194
2567,72.34207286240759
2568,86.20101101779538
2569,83.33599543254552
2570,51.69392125709523
2571,35.87781130269684
2572,80.22458546378331
2573,74.51852113551072
2574,80.94211974383592
2575,82.25954211426493
2576,46.99747358476659
2577,70.29495284580041
2578,80.72462284643635
2579,80.17876298294085
2580,69.52270560864847
2581,56.44695703914631
2582,91.21025524874113
2583,81.90063141105408
2584,70.77394894537755
2585,53.1577728253945
2586,89.8955673516264
2587,55.909624033500705
2588,63.545886955823605
2589,49.5500266976981
2590,24.196397210934784
2591,71.58036821822273
2592,92.91074645689349
2593,63.420692065968744
2594,56.06642856941857
2595,88.12522671463654
2596,54.88795143825262
2597,85.14869818585223
2598,75.46509134650664
2599,70.19092471564419
2600,84.49461962413575
2601,96.03576847231824
2602,64.66599111735775
2603,79.36231039583619
2604,68.76928050328497
2605,80.61583230930154
2606,74.3502690325599
2607,82.54317255857553
2608,78.12053093436772
2609,41.13596475875526
2610,59.08916287845628
2611,77.57963272814364
2612,98.38154576449503
2613,72.59339488392764
2614,49.448982106849996
2615,82.55122220024843
2616,48.144222891395195
2617,89.10987735276865
2618,75.33300018241191
2619,84.53396513400037
2620,70.83386961609693
2621,74.08981269924723
2622,71.61797539662844
2623,82.1508591868093
2624,55.39641926742736
2625,58.34175861865873
2626,74.39371411109651
2627,73.63854442825678
2628,87.61315358391616
2629,54.839599213792106
2630,37.1890120179152
2631,89.80732251763797
2632,98.95299436138208
2633,97.6980644164342
2634,63.24328065424172
2635,22.834240246610392
2636,84.40492852214071
2637,76.90997626393163
2638,80.06196067420755
2639,19.15847616932544
2640,86.41305813496444
2641,69.38503388753881
2642,82.93244783569935
2643,89.3038979097719
2644,74.98454467685035
2645,78.86421243098626
2646,48.00290642960789
2647,81.92818913819717
2648,64.69832456332198
2649,74.55734529603804
2650,74.51852113551072
2651,79.43860505418353
2652,44.85633265072674
2653,74.67432445755753
2654,78.75624568028304
2655,67.52814566810163
2656,65.47055927251994
2657,75.98806351556875
2658,92.23871062260932
2659,25.3677664510886
2660,83.26762159664999
2661,93.62217761278242
2662,80.65888562522653
2663,76.47540310867583
2664,21.84017774740463
2665,93.4043496233232
2666,62.96051533286787
2667,81.62942669033116
2668,76.23969590619922
2669,82.9553958397805
2670,72.26409674641737
2671,72.83234455806458
2672,83.59419963696996
2673,96.63865704623504
2674,76.78714084857025
2675,72.75757627028703
2676,84.38354858114165
2677,72.96155040962363
2678,62.85191341736658
2679,58.000516393375825
2680,84.03923889249799
2681,71.03980263187513
2682,77.92179313456569
2683,72.3715395276239
2684,81.36090208238915
2685,68.96373461667156
2686,41.12970928661251
2687,31.109344744859982
2688,67.92745338937468
2689,93.30466827992328
2690,74.1397778470222
2691,70.38739787539396
2692,63.601277391450665
2693,69.52270560864847
2694,57.31186573469189
2695,75.33300018241191
2696,54.65848112048928
2697,64.999089450098
2698,44.01728328718974
2699,80.40552510553114
2700,67.788831895315
2701,81.2014362398809
2702,70.80808079586964
2703,77.05440057886779
2704,64.92628718883034
2705,82.34969314582034
2706,25.81855913318401
2707,71.32466854565043
2708,75.13629953115293
2709,79.34462942086348
2710,90.94780591212015
2711,98.3682247253598
2712,88.23599189343082
2713,82.34969314582034
2714,87.07169825547766
2715,59.65456353432263
2716,22.957708052765085
2717,74.63254237394086
2718,88.02202191982508
2719,51.56013467404856
2720,86.7169586993688
2721,96.63865704623504
2722,73.18297296972344
2723,53.300793553093754
2724,52.77904700012991
2725,78.18939736753673
2726,64.13757409559346
2727,60.32316367812351
2728,53.494298635367144
2729,50.396093556146326
2730,84.04154727466107
2731,83.20373618963615
2732,47.27204300308392
2733,75.00786873292655
2734,70.08002285916113
2735,66.67037616363167
2736,70.81505318756295
2737,72.89396599591437
2738,80.58827683354212
2739,93.20089862902168
2740,95.98985670995063
2741,64.90154117086672
2742,98.71072105576496
2743,83.48502382800017
2744,82.29688487779605
2745,83.32562479805857
2746,70.95042562741494
2747,76.68523795972443
2748,72.30959258676906
2749,66.06985647424341
2750,67.6109406120923
2751,90.8462549000641
2752,76.33503469654308
2753,71.37932724497105
2754,82.84494497154925
2755,46.3591024881373
2756,65.33545537487882
2757,71.48481986702839
2758,84.9537992465533
2759,47.83670507268181
2760,72.31126775301554
2761,73.20430729363846
2762,82.14664995101683
2763,53.192625764527705
2764,82.63394215433684
2765,73.35800797532632
2766,65.74331945522589
2767,80.98515359231719
2768,59.15559621919717
2769,79.28125115360484
2770,53.695661474451185
2771,82.45585006807966
2772,76.53607250526014
2773,93.85527601618152
2774,82.9553958397805
2775,55.60228450682897
2776,34.04309691415547
2777,80.48001795699454
2778,82.45303514527045
2779,64.92628718883034
2780,51.3720220057018
2781,32.46292812664364
2782,64.7359262982424
2783,77.52661651901013
2784,46.90817530798266
2785,49.90603993529878
2786,88.25935565505023
2787,75.28906251856414
2788,77.55418166125912
2789,72.94966413103508
2790,58.67988525497783
2791,96.49517903436227
2792,58.336696316648414
2793,75.75345469575907
2794,78.28933953199264
2795,26.500703601575943
2796,64.3394619032959
2797,81.74238618832845
2798,72.9787046875765
2799,92.31106453984444
2800,82.64137981214581
2801,82.26342000567175
2802,90.53427099004102
2803,72.56787535424458
2804,70.47835949024503
2805,83.79077717604713
2806,77.12868019560666
2807,66.98640924411961
2808,64.23479645393698
2809,37.71616774966678
2810,92.19827354592435
2811,81.72749262336626
2812,79.86179718956612
2813,57.200673979066806
2814,61.05469935378996
2815,72.21393819549185
2816,61.94524429837589
2817,81.76166828934831
2818,83.92004314211187
2819,48.2667410554544
2820,70.1733974442487
2821,90.8462549000641
2822,76.33503469654308
2823,94.0166084683829
2824,86.69095020364648
2825,70.87907060444321
2826,88.81727074905409
2827,84.9169032459864
2828,48.646054820507175
2829,56.508758920685395
2830,67.54599339151041
2831,73.89584942016644
2832,76.56424812932835
2833,90.88060946273472
2834,84.52290890499168
2835,88.81727074905409
2836,72.88904151096224
2837,61.4725084166457
2838,90.56919081694075
2839,65.19271727431004
2840,83.58676154033121
2841,56.06642856941857
2842,74.79412652868221
2843,49.42558477199228
2844,62.03553630612614
2845,63.73405343789127
2846,74.82833604494601
2847,97.14088578010086
2848,71.48433843816929
2849,78.78601551468907
2850,55.63754467875705
2851,76.8730352551328
2852,57.38423228387969
2853,54.30561431508397
2854,65.00630751012311
2855,90.59354545656723
2856,90.53527331736717
2857,96.39548874374854
2858,79.81215953938661
2859,78.16519379946662
2860,74.03027675223692
2861,61.87633587773044
2862,92.93395235046546
2863,58.67988525497783
2864,57.28684129210971
2865,87.01777339524051
2866,29.31660355028012
2867,38.88949240533586
2868,83.46281305373623
2869,82.71854123911396
2870,87.38047950996551
2871,70.20530212589934
2872,97.26957823789216
2873,65.95724439804569
2874,74.47959884330237
2875,79.09741995473178
2876,67.55395429996994
2877,68.29827189237879
2878,51.5790839447684
2879,74.6923400888206
2880,82.4472596444165
2881,70.69097524669543
2882,44.99193807491493
2883,79.80985271751574
2884,93.81057758589867
2885,89.7004687652836
2886,62.395411377397274
2887,67.46524155669616
2888,61.94524429837589
2889,72.54842113546958
2890,57.267872928423465
2891,61.57201662187746
2892,103.08493635781085
2893,92.23871062260932
2894,87.99817720275635
2895,93.96864263397322
2896,63.94148568158181
2897,73.64223535853716
2898,72.55826966274932
2899,78.14953488208603
2900,79.65779206759362
2901,56.026988370649285
2902,63.150096695153096
2903,92.98410511828473
2904,69.02128524596375
2905,88.49580047450044
2906,60.75475357756729
2907,69.809221119702
2908,99.78417559149935
2909,78.05931757820487
2910,71.89389244677268
2911,74.21398263511007
2912,52.607277881770905
2913,84.01558166536088
2914,74.3446424049992
2915,81.29524301640146
2916,75.0386726982068
2917,81.66553713246022
2918,72.66659824615708
2919,69.95586371886515
2920,62.00769455261339
2921,75.05580698665722
2922,89.18444179188012
2923,63.185355138884134
2924,77.95070703911345
2925,65.1097227022236
2926,84.82221343568483
2927,68.73165369792093
2928,85.20382731722613
2929,84.62758457332198
2930,58.0424970775391
2931,71.70132479569679
2932,78.7116023177615
2933,65.682000325864
2934,91.56677787678845
2935,83.18538502131942
2936,77.69242370026765
2937,52.77904700012991
2938,92.51350719805237
2939,68.13129412764836
2940,78.71393431460744
2941,77.94599686340293
2942,78.01078597597545
2943,75.11899214152713
2944,64.84708651954075
2945,99.01967148948731
2946,61.31457239517684
2947,78.98793401092027
2948,54.41777891758931
2949,69.16733471038076
2950,62.98422945005415
2951,90.04701182763702
2952,81.7409461936136
2953,92.51350719805237
2954,41.66946546485347
2955,80.71165132374033
2956,90.53527331736717
2957,85.40604929048108
2958,93.4043496233232
2959,67.46524155669616
2960,72.87723356223408
2961,73.42207263151002
2962,90.32689469733285
2963,68.7544197558122
2964,88.72672307105086
2965,76.90973961652341
2966,76.11989977004504
2967,100.10287278828974
2968,91.64262869003889
2969,62.4420966924519
2970,66.06985647424341
2971,91.92388909764138
2972,72.31340435966489
2973,84.05007205963287
2974,72.79051566267403
2975,58.13953705685807
2976,86.72204204983294
2977,52.71120390344039
2978,82.75981664903385
2979,67.69278419871726
2980,69.19792863450104
2981,68.89412732813356
2982,100.18039210430061
2983,74.23962670285873
2984,84.9537992465533
2985,72.71701133066186
2986,78.44267886600217
2987,71.73344018629253
2988,41.78625803465164
2989,96.68042796718686
2990,56.533588156433545
2991,75.7564338010627
2992,61.16238737866105
2993,60.98528682073538
2994,72.77805064873888
2995,74.08861064581315
2996,74.58876827589488
2997,68.37130079346012
2998,61.42112249219488
2999,68.7544197558122
3000,92.97202686259966
3001,75.92209378590229
3002,67.11324809503898
3003,48.487368671239295
3004,84.26040877606637
3005,82.12922723607912
3006,85.76965058038405
3007,1.7573866221275551
3008,65.21493850818307
3009,46.483152727671325
3010,67.46524155669616
3011,77.7163899538727
3012,49.87087670192113
3013,92.5077733295491
3014,79.40161761627898
3015,79.9239703465571
3016,91.90604304552802
3017,77.97361040296501
3018,83.00302873714341
3019,59.01455458826257
3020,92.06729537551061
3021,78.31806535210329
3022,51.57856762893306
3023,71.46615490349713
3024,73.42207263151002
3025,72.24207816099735
3026,83.18475386082498
3027,23.947802846389365
3028,64.42247507501209
3029,52.856990407074335
3030,72.07587642877647
3031,80.14205354917122
3032,55.574780289502485
3033,72.40641080021673
3034,71.1135602158004
3035,55.758851058781445
3036,74.50875752068758
3037,73.06683596436673
3038,80.27837846466876
3039,96.95762267403963
3040,49.05039180541115
3041,36.55448568009619
3042,45.55943829210337
3043,79.16739032692242
3044,58.01537604691032
3045,80.28631308302622
3046,74.81044021991926
3047,69.2863012128559
3048,94.99897276746427
3049,68.89318844799212
3050,92.01731319337097
3051,43.478761966944624
3052,81.66583284913156
3053,59.060207631421065
3054,58.78327405220776
3055,20.001032678143737
3056,42.30483443387529
3057,94.42569693628379
3058,34.433000580074264
3059,73.32256107986011
3060,59.96213056585968
3061,87.61315358391616
3062,68.76850519400202
3063,68.05620754056399
3064,65.1333408454735
3065,69.3126862778168
3066,83.23011073884963
3067,65.57506936224652
3068,83.59419963696996
3069,47.640173213460926
3070,47.32787886506495
3071,43.98581528882718
3072,81.04426252816057
3073,70.7763223880247
3074,50.644458788536916
3075,77.57365940328482
3076,97.14346668167278
3077,100.32202808299215
3078,73.18297296972344
3079,81.39058061438737
3080,97.59606897693533
3081,65.73673294228335
3082,81.57380591001414
3083,90.43807484258332
3084,78.05931757820487
3085,39.53765205707015
3086,90.69663824498227
3087,53.78347553213632
3088,86.18560470954324
3089,84.79315800653055
3090,80.04687746667622
3091,67.74943695282357
3092,84.25430227195508
3093,85.14869818585223
3094,62.41681513651213
3095,67.53751490348104
3096,67.54599339151041
3097,87.43725571970197
3098,89.6333911105301
3099,74.75940487868017
3100,63.70758601957995
3101,67.68035639189385
3102,77.31757139741605
3103,58.40034690334963
3104,62.684636661877775
3105,81.44861747781869
3106,87.35931662282142
3107,84.19909926421738
3108,78.37818971188364
3109,71.63968393238231
3110,90.51183497652913
3111,29.806305083010656
3112,76.81184606748442
3113,94.90301378080378
3114,48.58763857487158
3115,66.54554606632654
3116,76.23215795357719
3117,85.36476155959646
3118,61.38260931132102
3119,68.35943304933296
3120,82.82682434625308
3121,52.980113247067564
3122,75.28995003809581
3123,65.67653942166335
3124,94.57679974970085
3125,74.6309408706479
3126,90.01451463375346
3127,65.1333408454735
3128,67.25085299251785
3129,24.4067698729464
3130,92.49437805228439
3131,49.26492783369768
3132,33.33339034920766
3133,93.62957562315952
3134,83.45060508171399
3135,65.35629987103346
3136,75.87458186626809
3137,93.8520345135008
3138,48.499165146999616
3139,53.841567691587386
3140,83.51169980615973
3141,81.2014362398809
3142,82.55122220024843
3143,81.76166828934831
3144,74.51852113551072
3145,94.88255040534952
3146,55.84805584564771
3147,45.51362865136191
3148,78.83217067898639
3149,94.48142888382743
3150,93.62957562315952
3151,93.73971899957246
3152,81.23548328001898
3153,79.6189393967395
3154,99.29884806969241
3155,97.69241157884221
3156,70.47835949024503
3157,59.273678747020064
3158,83.13172329423209
3159,60.5167445965901
3160,72.0111041661372
3161,72.11271959205229
3162,80.5693222788228
3163,84.82221343568483
3164,94.90301378080378
3165,73.9782579168231
3166,88.12475257403457
3167,97.99507782703725
3168,61.16071663057895
3169,74.37354358523314
3170,68.55064896481753
3171,76.62744708961284
3172,65.04739906657413
3173,66.15491588973042
3174,83.67219339867425
3175,48.06254621736514
3176,76.53754604516324
3177,62.22367743199219
3178,87.35931662282142
3179,85.99378229112283
3180,70.38054555524232
3181,60.990238575657045
3182,62.87469199669519
3183,67.32211479277373
3184,87.35931662282142
3185,71.44428070894051
3186,75.32986581006791
3187,95.5788659238373
3188,107.32835900254422
3189,63.31854387254735
3190,95.9806868744419
3191,85.1068217400847
3192,79.67933007963339
3193,69.64288222431678
3194,80.41721518034926
3195,103.27515178335688
3196,84.9169032459864
3197,80.7173593512949
3198,58.99660159100216
3199,72.39817432203935
3200,29.401882167734385
3201,64.3394619032959
3202,74.21821983615345
3203,75.73679278768002
3204,21.249366394585536
3205,71.3164886570711
3206,89.07674314516177
3207,101.29521562670726
3208,84.82221343568483
3209,87.99817720275635
3210,83.46917535213225
3211,80.62389975196446
3212,66.11269316868939
3213,71.19145981984099
3214,91.86821170617796
3215,75.33300018241191
3216,55.666632718608575
3217,86.76887882910879
3218,82.75981664903385
3219,81.44914421007638
3220,94.96733236678472
3221,73.73053597251769
3222,87.49125062722595
3223,68.7371713343418
3224,69.32704543363958
3225,94.38155486030688
3226,89.33928176396287
3227,95.68800451794759
3228,95.29253903249318
3229,77.9956865160618
3230,78.1526024636034
3231,69.1934378238453
3232,80.85182935061539
3233,98.1182366804096
3234,94.96733236678472
3235,84.05007205963287
3236,81.4436084511348
3237,73.59485007364341
3238,74.36145905854653
3239,30.010560853083945
3240,69.79998950333513
3241,78.37564983080024
3242,47.881720824313774
3243,81.1686779252079
3244,56.914620602754766
3245,81.76012486879029
3246,94.96733236678472
3247,79.34462942086348
3248,73.31580034494115
3249,96.92199032563768
3250,74.913301151474
3251,92.41408464923636
3252,84.99623088325262
3253,80.61583230930154
3254,81.34491958152329
3255,55.852517038135964
3256,79.37928450359863
3257,59.51880393832491
3258,65.19126747331602
3259,93.85527601618152
3260,85.14869818585223
3261,83.18203780179883
3262,69.09886579783922
3263,62.98154125766104
3264,78.12053093436772
3265,35.632256921391104
3266,83.82946361155338
3267,62.71111605376441
3268,34.04309691415547
3269,75.12847895501484
3270,31.797137048783654
3271,57.8898552654219
3272,78.83217067898639
3273,65.72613059420786
3274,64.48135423491327
3275,78.58520512490368
3276,77.8905195077245
3277,89.33928176396287
3278,66.70607067528005
3279,66.98671428500512
3280,76.99290337786286
3281,75.96751165763116
3282,57.392751150214714
3283,41.13596475875526
3284,56.80028507482963
3285,83.3933882852833
3286,36.73209978277873
3287,78.1526024636034
3288,77.99511104718484
3289,94.01869707189813
3290,96.92199032563768
3291,78.94351765653565
3292,95.90662788997383
3293,94.71615677825372
3294,86.05917580495783
3295,73.0225711721753
3296,49.00386977631007
3297,52.50401414893601
3298,61.18874809616477
3299,77.89359294855953
3300,76.9476822907597
3301,89.07674314516177
3302,67.83919358880348
3303,61.371279094064775
3304,78.41593189256855
3305,90.69663824498227
3306,49.448982106849996
3307,78.36996100268452
3308,73.2031357840779
3309,68.09931778464943
3310,66.77330426445802
3311,66.09940543283858
3312,75.02443927209922
3313,71.69977679572662
3314,91.40734030230742
3315,99.2833009130719
3316,62.008294444362875
3317,58.07561278937225
3318,35.711904331009386
3319,55.43863205471379
3320,89.08341167861991
3321,84.17910260349377
3322,55.78845388705258
3323,47.08300636276721
3324,91.92388909764138
3325,56.39381992630552
3326,52.44011646268218
3327,79.2188060109614
3328,77.58326763088718
3329,96.25091459067693
3330,78.84718736046386
3331,85.26227405953699
3332,75.4557358411913
3333,83.72606299606593
3334,93.9962398319216
3335,44.59662719853639
3336,87.75860837431078
3337,81.92818913819717
3338,87.12510983167245
3339,74.74089086394326
3340,46.483152727671325
3341,75.42976414748146
3342,71.53169906724943
3343,86.7169586993688
3344,40.4936247114204
3345,84.1055587991856
3346,78.64018706265814
3347,93.57299986252174
3348,86.29076128200906
3349,93.73971899957246
3350,91.24014222477116
3351,72.02765213658496
3352,79.8551246706123
3353,74.6004672130307
3354,79.8677463141815
3355,86.07941554280944
3356,59.03708195827396
3357,56.558513540564014
3358,81.06023368267903
3359,67.92754109766722
3360,84.96333512034114
3361,36.80651030128426
3362,48.39516104950983
3363,67.02426897299351
3364,62.86413935027834
3365,55.93586331653587
3366,96.00567905748127
3367,90.04701182763702
3368,60.16577778679127
3369,78.04544432369508
3370,46.29627981414502
3371,94.69276425797398
3372,75.87458186626809
3373,73.1595420325408
3374,84.71469983050466
3375,49.09701355955458
3376,74.95972183717625
3377,94.71615677825372
3378,87.18816426911674
3379,82.19140796794456
3380,83.499051693618
3381,89.75882271334584
3382,72.75058822741438
3383,77.64194199283928
3384,37.23284524318692
3385,49.712922597482276
3386,73.92031218414888
3387,99.17112169652636
3388,10.39935502393977
3389,39.70082733051136
3390,73.61249939180706
3391,78.45562555618497
3392,70.38093856452075
3393,66.88407826736051
3394,66.20798749253123
3395,88.22243305470342
3396,96.01648799927901
3397,42.76679183080612
3398,93.81057758589867
3399,84.77525158397921
3400,90.18609371407189
3401,100.32202808299215
3402,49.92066087070964
3403,49.14268749769155
3404,81.2014362398809
3405,62.71111605376441
3406,82.91268254367864
3407,65.1333408454735
3408,92.75937067181417
3409,67.2458377226684
3410,67.09966648031924
3411,55.47258249404109
3412,93.77252919322135
3413,75.12909261577184
3414,92.5077733295491
3415,78.27280175599546
3416,56.728408392208436
3417,55.12404140485798
3418,70.71892987658923
3419,67.01851169075164
3420,80.65591910153015
3421,76.8730352551328
3422,90.14884431169736
3423,55.79968429187991
3424,65.92424458166087
3425,82.1508591868093
3426,85.20382731722613
3427,96.68042796718686
3428,94.54693516891125
3429,74.28194309882457
3430,82.75981664903385
3431,94.35997631358643
3432,64.23479645393698
3433,62.456196342929864
3434,75.41747294029994
3435,66.36029137909334
3436,88.06532437510906
3437,73.40125037752665
3438,83.53201256400291
3439,70.46424722368515
3440,84.25430227195508
3441,76.59067086072751
3442,86.76887882910879
3443,107.43565522620639
3444,44.777519215030054
3445,75.7564338010627
3446,82.24662718143787
3447,64.3394619032959
3448,70.18699792131063
3449,81.09647936511767
3450,95.99370743643772
3451,83.26605985773261
3452,79.56102141232137
3453,84.56313992408944
3454,95.97157390632958
3455,80.44366023779841
3456,69.8598825721499
3457,92.23871062260932
3458,91.24963519589203
3459,84.33180889855319
3460,78.05931757820487
3461,43.34616903224342
3462,86.72204204983294
3463,94.19374767023885
3464,44.178260997790446
3465,73.64223535853716
3466,53.99536136245693
3467,73.9782579168231
3468,85.1914802258373
3469,64.76850682130238
3470,70.50622654093536
3471,69.53568771347432
3472,92.22244146855405
3473,72.79651549959516
3474,74.47477638071553
3475,73.26238651382823
3476,64.94424373929868
3477,63.84232495049502
3478,98.510879697079
3479,58.8267348432278
3480,76.09622686651926
3481,96.49517903436227
3482,90.86701804159534
3483,73.83932160076014
3484,67.42779263229389
3485,76.82302825360541
3486,81.45797853713245
3487,74.15226040623443
3488,46.066173246915795
3489,83.45482251418255
3490,83.50126297798624
3491,107.73266027833743
3492,65.21493850818307
3493,72.79051566267403
3494,57.49704633149449
3495,59.51880393832491
3496,64.79419185845285
3497,75.87458186626809
3498,70.76801704424258
3499,88.76152965584362
3500,69.00358785913862
3501,69.49100719273433
3502,73.64223535853716
3503,73.96477668043822
3504,58.86269230054531
3505,95.29711391521519
3506,80.4552765674727
3507,81.40511539699452
3508,65.07402432985354
3509,75.47037457312662
3510,75.8162894638249
3511,72.26409674641737
3512,49.42558477199228
3513,79.81215953938661
3514,90.53027579385689
3515,65.17228793308603
3516,72.34898414226444
3517,82.18241542621818
3518,63.981343818831036
3519,79.3488493703985
3520,72.71128413592037
3521,50.396093556146326
3522,78.98736922269804
3523,52.246170471741365
3524,79.85282199876605
3525,63.236804605019714
3526,89.10987735276865
3527,30.5377533028268
3528,93.50682584172971
3529,73.1712666089921
3530,40.98212075318237
3531,74.69554109458893
3532,43.94620702410179
3533,78.86254877239165
3534,79.87434034056213
3535,84.05007205963287
3536,64.49364979357794
3537,82.55122220024843
3538,69.8410596360014
3539,96.03576847231824
3540,67.51299558567214
3541,75.94596872642354
3542,89.55265168449887
3543,59.575556502673514
3544,68.76389679275829
3545,73.31075139962036
3546,63.420692065968744
3547,83.48502382800017
3548,80.86102287839398
3549,31.239262307252396
3550,81.61060262865959
3551,85.21994744450234
3552,81.74684992612472
3553,86.35443814998918
3554,77.78491814458303
3555,79.74587147712819
3556,71.3755445901116
3557,50.078677729635615
3558,68.28379683897735
3559,69.61748297069954
3560,68.59548832532056
3561,69.54180035150034
3562,93.01453161948703
3563,68.36078456465984
3564,90.51463310173848
3565,87.17965877687676
3566,77.57919092100585
3567,91.92388909764138
3568,77.74414313878782
3569,89.10237867961303
3570,77.26755621606851
3571,58.26604790069662
3572,84.34283159245203
3573,62.50984265973315
3574,53.652520737341085
3575,81.35583693416149
3576,48.58578075741186
3577,70.25686332410035
3578,89.12703751559039
3579,85.64923393256333
3580,70.38739787539396
3581,77.59384603444721
3582,93.94825145684115
3583,71.06179642101363
3584,72.18530161317221
3585,71.3755445901116
3586,60.641303183980824
3587,94.0166084683829
3588,71.32034077791035
3589,60.258488195203554
3590,107.32835900254422
3591,93.66537174000966
3592,78.83217067898639
3593,74.74089086394326
3594,76.86693052990259
3595,92.06729537551061
3596,62.31485057275606
3597,89.89332342999697
3598,86.07941554280944
3599,88.72672307105086
3600,80.25657883648627
3601,88.23599189343082
3602,64.23479645393698
3603,79.81215953938661
3604,51.18352157681285
3605,62.53281527528721
3606,72.4730678216005
3607,101.0157956379736
3608,52.62044920446674
3609,66.91165158773302
3610,77.69242370026765
3611,61.06924624510998
3612,76.25379784375708
3613,66.20798749253123
3614,76.58930605270352
3615,48.48270536999312
3616,44.045152552715805
3617,95.80281759839735
3618,66.4132987068341
3619,33.26910484455107
3620,59.6242354789066
3621,55.84834229649542
3622,79.47465076362778
3623,76.55473939505333
3624,88.77486980542565
3625,64.06498008641775
3626,84.49461962413575
3627,87.91699458570818
3628,67.25085299251785
3629,73.63605051142466
3630,84.68920141739491
3631,65.08750087652587
3632,60.00680769188879
3633,83.08123814820848
3634,84.0013718862973
3635,78.31091870052465
3636,69.06413558368641
3637,31.19323349215668
3638,98.54108831296087
3639,65.16167333794864
3640,56.057713961569895
3641,49.26492783369768
3642,91.66492886106576
3643,79.35168950750912
3644,81.27655761527487
3645,83.59419963696996
3646,86.9176238884369
3647,61.68159143597995
3648,84.9169032459864
3649,69.51136600444836
3650,62.868783873755525
3651,64.79419185845285
3652,76.4404656726564
3653,76.1234214637049
3654,67.10454855714812
3655,80.3766019541882
3656,82.48634312790078
3657,78.54634262010244
3658,83.25357409622782
3659,92.33236226367863
3660,84.81449673172892
3661,70.85881066238589
3662,24.951130265768967
3663,86.26957317160858
3664,69.51136600444836
3665,64.74534813082282
3666,76.91911189310852
3667,63.91062485228238
3668,87.34518279978846
3669,77.26755621606851
3670,76.4404656726564
3671,65.94966244754363
3672,44.77352701876342
3673,49.32482888592346
3674,84.49748634071483
3675,81.41533677418563
3676,82.39640134815724
3677,75.6523624268027
3678,71.60081897893834
3679,88.7638093103572
3680,74.37320950637096
3681,74.94070161024482
3682,70.19092471564419
3683,75.56358225568887
3684,79.43168268885474
3685,67.26805336835466
3686,72.22162344057074
3687,59.51880393832491
3688,64.92628718883034
3689,89.9466309682544
3690,46.89689153462179
3691,63.92407866667257
3692,73.20133115349076
3693,52.16397848875812
3694,90.25063513236303
3695,88.39036922944526
3696,71.33897450468524
3697,83.01613846019166
3698,63.73405343789127
3699,86.60467550982192
3700,76.71861936635776
3701,68.16610056350241
3702,98.80351684758966
3703,74.28887251419573
3704,66.96657317562034
3705,63.68315226760068
3706,71.69452540042978
3707,87.63169776637672
3708,96.30236505178502
3709,90.74994723645422
3710,87.3075062036173
3711,65.30734489278058
3712,85.31023988627268
3713,67.74863802782907
3714,80.04687746667622
3715,82.8032321721044
3716,86.20402345756976
3717,74.9726664786359
3718,70.64679623291666
3719,78.13614338828874
3720,76.53211125345832
3721,64.05123714897759
3722,75.53365273679118
3723,84.77525158397921
3724,68.54665890558992
3725,76.1234214637049
3726,86.61709598109238
3727,91.48763917866194
3728,72.57844283334575
3729,85.42615140073431
3730,62.84448232218655
3731,94.57679974970085
3732,96.59007735335169
3733,87.99262649213637
3734,64.78442900251724
3735,65.30209719515241
3736,72.71701133066186
3737,73.02293435158842
3738,71.36633536876569
3739,60.45494071332783
3740,50.427904203412815
3741,95.56304830902684
3742,90.53427099004102
3743,90.03668111047642
3744,80.27413788941689
3745,75.47037457312662
3746,80.37770838613415
3747,80.91681458445754
3748,54.34556087294695
3749,45.61492280396469
3750,74.24619798382145
3751,71.06047643403413
3752,81.01245506379493
3753,72.05995847417383
3754,85.71688265542004
3755,75.10722729258427
3756,75.842851947483
3757,57.139140350386384
3758,64.74534813082282
3759,51.81391277228829
3760,74.10804319799306
3761,67.3831524485747
3762,51.06977475953005
3763,75.64775394441807
3764,59.84834624471268
3765,56.57704137524967
3766,57.82528309294778
3767,84.28350140982437
3768,98.54108831296087
3769,65.36726955058391
3770,71.32423818135817
3771,97.52556400425529
3772,79.41060241078705
3773,80.59800922860143
3774,80.44768727793542
3775,77.9902470650263
3776,71.49827925789735
3777,98.60891063985655
3778,37.49215686253601
3779,69.0347532248389
3780,69.95586371886515
3781,64.30525421964842
3782,45.82513728339468
3783,87.96568851660162
3784,27.597550742165502
3785,54.19445295426965
3786,80.40584150342409
3787,89.23869444789068
3788,86.2988744108772
3789,91.66492886106576
3790,81.8333791136865
3791,30.71991135495165
3792,74.28887251419573
3793,75.47037457312662
3794,95.3665452100004
3795,76.21519786631204
3796,43.60291807096012
3797,87.05159938195271
3798,84.9537992465533
3799,72.64956572705496
3800,74.01895913296542
3801,97.23072356227468
3802,96.49517903436227
3803,77.231346466285
3804,41.36314071027809
3805,61.2206649026429
3806,84.67972627752798
3807,82.14664995101683
3808,74.21398263511007
3809,57.61456009480181
3810,43.1845556279879
3811,91.59841636624559
3812,53.82963972775357
3813,70.08002285916113
3814,51.07040643860789
3815,90.05219379421413
3816,69.58841681539901
3817,46.61602131166146
3818,79.90251562607943
3819,66.09940543283858
3820,103.27515178335688
3821,58.612133540308974
3822,83.26762159664999
3823,81.65477239125973
3824,81.19504515638049
3825,72.75058822741438
3826,55.852517038135964
3827,64.48942765393623
3828,77.3634679702265
3829,70.95042562741494
3830,85.80601385999788
3831,65.29354959194593
3832,56.069260019672654
3833,65.71620771423638
3834,36.55448568009619
3835,77.31757139741605
3836,92.64532794922455
3837,61.874799619333906
3838,82.19140796794456
3839,64.18679745863614
3840,80.5305302865583
3841,68.65026544738939
3842,95.29711391521519
3843,78.27280175599546
3844,66.48678444967176
3845,48.33075745464264
3846,59.890502400735784
3847,62.990558361213964
3848,54.90701231037939
3849,72.67662543565187
3850,89.92653988020781
3851,53.639040528150424
3852,73.1712666089921
3853,80.86102287839398
3854,61.412759455105444
3855,58.4799651112842
3856,94.77643340810485
3857,97.85313903925413
3858,79.34462942086348
3859,98.80351684758966
3860,59.38320547188251
3861,61.01803561753353
3862,72.63506394462021
3863,87.75860837431078
3864,71.87505560636988
3865,83.23011073884963
3866,81.57030485643081
3867,93.13717815535036
3868,74.4664659572693
3869,59.44022188385509
3870,81.11396587305758
3871,85.44979497390372
3872,61.052784147222525
3873,73.47383893096905
3874,67.79667708784672
3875,42.81784069610955
3876,73.54352077245953
3877,69.41212056320336
3878,67.66644908137164
3879,91.2638423491509
3880,85.2748133903115
3881,93.62154725323427
3882,56.06642856941857
3883,53.78347553213632
3884,79.08073780200718
3885,84.53396513400037
3886,79.8677463141815
3887,57.85312258458625
3888,94.9708231725213
3889,78.79961405026302
3890,71.3755445901116
3891,73.64242560588644
3892,74.37634331975461
3893,42.48341124117151
3894,100.32202808299215
3895,40.7689724188592
3896,92.75937067181417
3897,99.17112169652636
3898,70.38042419989135
3899,80.10093086518955
3900,89.18452535605691
3901,59.34842962404792
3902,70.95042562741494
3903,101.29521562670726
3904,64.87417072413959
3905,55.1083784238207
3906,62.62225693633613
3907,57.052361382101836
3908,73.41873736654952
3909,96.0537846711128
3910,78.71899964116741
3911,55.8719753978793
3912,90.99723372536629
3913,65.88082467182166
3914,83.9739566026127
3915,96.95762267403963
3916,77.59384603444721
3917,46.066173246915795
3918,93.62217761278242
3919,72.77107681656199
3920,97.00597449956648
3921,54.41418889023248
3922,46.819031445227004
3923,49.742972891744806
3924,88.29846965469665
3925,58.44545018034755
3926,72.95286242168083
3927,86.08502832641139
3928,74.8074283267096
3929,84.88383952071226
3930,80.61583230930154
3931,66.0484431971486
3932,83.65904298607649
3933,63.73405343789127
3934,65.682000325864
3935,76.55473939505333
3936,70.21382334506605
3937,80.64090467456803
3938,89.50715624343951
3939,84.99495794158489
3940,93.44296887780231
3941,85.26227405953699
3942,83.46716971874726
3943,86.18348844663618
3944,71.3755445901116
3945,81.26587031811133
3946,92.28860945415241
3947,81.29440089694492
3948,96.24302559300673
3949,81.21921365462524
3950,82.49737663916764
3951,87.91699458570818
3952,80.3766019541882
3953,94.8237572798974
3954,88.69783207355157
3955,71.08049754676813
3956,95.48881116757391
3957,80.4552765674727
3958,80.4334183045068
3959,94.35997631358643
3960,75.07669969759253
3961,94.42569693628379
3962,26.836282506158625
3963,94.76210750531693
3964,51.3720220057018
3965,54.33299413559076
3966,65.55752961028661
3967,73.32427320030313
3968,84.25430227195508
3969,89.29370934717814
3970,87.07169825547766
3971,68.29827189237879
3972,78.27280175599546
3973,45.40444830305164
3974,59.51862232079045
3975,72.4730678216005
3976,63.8725392861816
3977,79.60850379213204
3978,62.28749123261719
3979,68.8944475086927
3980,92.31106453984444
3981,83.16596402590406
3982,76.34807595379662
3983,36.79957052143437
3984,80.96973747436368
3985,72.39817432203935
3986,79.53389925480994
3987,63.40745564927166
3988,76.82367919565235
3989,70.80808079586964
3990,92.75937067181417
3991,82.39640134815724
3992,69.39835953973449
3993,72.2473551912565
3994,88.75043957826833
3995,88.12935873160836
3996,89.07674314516177
3997,95.3665452100004
3998,85.54834559239067
3999,65.40042115712613
4000,54.41418889023248
4001,63.75432112088437
4002,74.22257388215178
4003,48.2667410554544
4004,61.052784147222525
4005,42.945922209391284
4006,49.448982106849996
4007,84.0910608578437
4008,92.31106453984444
4009,70.28333567517595
4010,55.357912624964996
4011,97.22267369194128
4012,85.83962818223337
4013,71.8796397295988
4014,67.50630172280995
4015,65.81969362477976
4016,35.922694902329766
4017,52.9125171845711
4018,81.15467512407469
4019,97.49478824805558
4020,84.28313790899088
4021,90.8462549000641
4022,70.77411079255396
4023,88.59975904300182
4024,83.11272174893628
4025,62.595526844346885
4026,63.75432112088437
4027,83.50126297798624
4028,65.9605513729133
4029,93.2930709374172
4030,77.97504960342214
4031,90.53527331736717
4032,97.56111778040433
4033,64.05123714897759
4034,55.852517038135964
4035,90.25063513236303
4036,64.49364979357794
4037,72.22511425673281
4038,57.04062881752237
4039,51.41898993781818
4040,76.54123603334243
4041,70.41574105164813
4042,74.48706982947527
4043,92.49086062046237
4044,71.50589401318334
4045,97.59606897693533
4046,94.69276425797398
4047,82.4472596444165
4048,93.20089862902168
4049,93.35569693658282
4050,85.8915055249602
4051,92.91074645689349
4052,56.639167842446035
4053,77.12393058103949
4054,59.82633517175704
4055,85.68137742042565
4056,84.17910260349377
4057,80.41039939970847
4058,63.678636511644335
4059,53.610416558489376
4060,64.90154117086672
4061,79.72181404292014
4062,73.53836159402351
4063,60.16577778679127
4064,60.990542941163596
4065,64.6753464188383
4066,92.31106453984444
4067,80.20273672764304
4068,78.44359035752566
4069,74.7457324391111
4070,59.342555979236295
4071,55.53354404303594
4072,67.3865971990754
4073,93.50682584172971
4074,69.18261064733073
4075,75.70239961308536
4076,70.77394894537755
4077,98.54108831296087
4078,87.33194784068269
4079,81.52502346691296
4080,50.88878557927791
4081,73.27911339026788
4082,39.271207278262054
4083,55.08718564869588
4084,79.12167516954618
4085,79.8677463141815
4086,94.89063225031867
4087,58.169703643917934
4088,85.20044119657226
4089,51.06374493847994
4090,62.65588898905378
4091,85.13330618840051
4092,60.11154002851413
4093,90.25063513236303
4094,61.47244345096274
4095,72.99938114884156
4096,70.15258871372211
4097,57.68681438958541
4098,71.38013263033969
4099,93.35569693658282
4100,42.00904930449549
4101,94.69088163281906
4102,94.0166084683829
4103,63.82365016404676
4104,85.42615140073431
4105,54.4520294463547
4106,81.74684992612472
4107,61.06924624510998
4108,75.05580698665722
4109,93.9962398319216
4110,66.0518154440349
4111,95.90662788997383
4112,91.16382968458964
4113,72.42166093745546
4114,46.408560350223325
4115,88.95327417184512
4116,95.73769521230842
4117,63.18524135496795
4118,69.45245879519257
4119,58.21980299192233
4120,80.2290244834732
4121,85.0337397245023
4122,97.69241157884221
4123,89.8934116260606
4124,72.96413123236056
4125,80.3766019541882
4126,73.33884243539016
4127,94.69088163281906
4128,70.20530212589934
4129,78.44359035752566
4130,75.56148527489711
4131,82.45303514527045
4132,68.08168865484477
4133,70.13369529177253
4134,64.1946404143587
4135,87.70498347078545
4136,96.03793901734299
4137,64.84398277553558
4138,83.53201256400291
4139,80.29944782072913
4140,80.4398923068971
4141,73.18297296972344
4142,89.10987735276865
4143,64.91977059073258
4144,69.18261064733073
4145,98.12464957895918
4146,84.53396513400037
4147,56.538302208806485
4148,73.63605051142466
4149,98.71072105576496
4150,90.2485229891805
4151,68.61042958586691
4152,61.78978877135088
4153,69.67110707612453
4154,69.809221119702
4155,49.5500266976981
4156,83.26605985773261
4157,47.84422338240239
4158,60.097676664560204
4159,86.08502832641139
4160,63.239712749186296
4161,82.19140796794456
4162,71.3870832882545
4163,46.99168298696962
4164,83.79077717604713
4165,68.51805915919027
4166,79.05068762003577
4167,78.54261474848752
4168,80.33562188028846
4169,64.59610823201596
4170,75.59008612544359
4171,66.20798749253123
4172,61.31193583901677
4173,56.56995861562595
4174,93.21234836599021
4175,79.87434034056213
4176,49.431728514462165
4177,73.07024483093745
4178,74.74089086394326
4179,86.75910465856984
4180,46.51571398863115
4181,74.94296329525798
4182,62.02378238976403
4183,94.76210750531693
4184,58.430660177205105
4185,71.85131032583452
4186,93.15946733949718
4187,67.89338187867186
4188,69.96427217793955
4189,52.751695257503215
4190,67.57427156585251
4191,97.00597449956648
4192,75.5107637044873
4193,88.12522671463654
4194,80.72462284643635
4195,82.39640134815724
4196,94.87106121899244
4197,66.18636300932093
4198,82.64769452251404
4199,70.93251748660288
4200,90.18609371407189
4201,77.04590068128195
4202,70.02179482022778
4203,82.04069279191876
4204,96.48017921196077
4205,29.58760535701466
4206,77.18197000481553
4207,85.71688265542004
4208,66.4488002272354
4209,49.3636200984197
4210,93.35569693658282
4211,52.341951843436675
4212,73.18297296972344
4213,90.51463310173848
4214,80.21193486560618
4215,93.62217761278242
4216,57.23179096764957
4217,65.82238723983055
4218,58.210054088283414
4219,99.01967148948731
4220,60.30810471615353
4221,67.46524155669616
4222,81.07180432646774
4223,72.15437931032551
4224,71.32466854565043
4225,75.89087496788152
4226,57.94263524061111
4227,81.43086629369932
4228,86.53492526274172
4229,65.58912974418087
4230,66.04382900252399
4231,42.329239108916404
4232,65.31996564228491
4233,70.19092471564419
4234,70.80808079586964
4235,83.66839865361946
4236,91.86821170617796
4237,76.12786968376433
4238,85.56989466712068
4239,74.8921010854537
4240,93.66537174000966
4241,80.5176269648926
4242,71.40721623123581
4243,76.30435479909639
4244,56.324270811399145
4245,96.48017921196077
4246,81.3253859652133
4247,77.92642742521612
4248,52.246170471741365
4249,85.42615140073431
4250,88.59975904300182
4251,95.30396220054314
4252,80.85182935061539
4253,61.451037977721775
4254,74.3446424049992
4255,86.76887882910879
4256,93.85527601618152
4257,81.3806302426114
4258,92.28860945415241
4259,83.30020136314197
4260,81.34491958152329
4261,75.19752440836895
4262,85.36178350931823
4263,79.91532778891893
4264,60.533922092992256
4265,83.58349180471271
4266,61.88892264274182
4267,72.89396599591437
4268,33.92919046065279
4269,82.48634312790078
4270,82.39640134815724
4271,64.69832456332198
4272,67.32211479277373
4273,76.78727378875435
4274,42.81784069610955
4275,63.41136242019964
4276,90.53427099004102
4277,60.008341285731596
4278,54.87663216153658
4279,87.42875783881325
4280,29.27658942464656
4281,64.34968358828415
4282,72.39817432203935
4283,78.64018706265814
4284,93.4043496233232
4285,82.77682717220472
4286,86.12722810310444
4287,86.14434039844852
4288,90.17032152054473
4289,83.48502382800017
4290,64.79419185845285
4291,44.63201255141049
4292,89.42395091579253
4293,73.94347907584358
4294,66.66263353962793
4295,93.9962398319216
4296,78.70539573056783
4297,70.63428713127169
4298,89.38400507649098
4299,32.14309140421123
4300,67.31526875860122
4301,38.580494226031135
4302,56.11662785021907
4303,84.6452607790546
4304,88.8888977336997
4305,89.10237867961303
4306,84.9537992465533
4307,82.14309367553355
4308,72.24207816099735
4309,80.4552765674727
4310,76.751208718092
4311,49.228203974040866
4312,80.80886235409908
4313,34.887537517155785
4314,84.26341730511979
4315,64.74534813082282
4316,30.5377533028268
4317,28.530304164174893
4318,93.13717815535036
4319,63.99194401662007
4320,91.81792225786572
4321,82.93994513711903
4322,76.1234214637049
4323,66.86757715320559
4324,61.87633587773044
4325,54.30534508070764
4326,78.22962485367502
4327,48.33075745464264
4328,75.284858313513
4329,87.75860837431078
4330,92.98410511828473
4331,88.007635106935
4332,73.68642724592786
4333,100.05060832282405
4334,62.802807726071144
4335,84.25430227195508
4336,66.98517859055619
4337,61.43561003644641
4338,42.48341124117151
4339,77.59421097015417
4340,76.55825184615853
4341,89.38080622605594
4342,56.57482750137222
4343,67.66438154023378
4344,78.73168312803902
4345,71.16878746384157
4346,76.02192504925188
4347,84.68920141739491
4348,67.65867312010425
4349,71.65757583755648
4350,71.06519744254726
4351,67.40057267147026
4352,71.23543781195515
4353,51.60080205930309
4354,81.3253859652133
4355,87.75860837431078
4356,78.83801936189937
4357,73.30459107256553
4358,46.758754402545655
4359,98.61704743934266
4360,80.99145155732423
4361,70.4027015179944
4362,58.8267348432278
4363,53.84263560448426
4364,58.20729799946646
4365,76.93802751272844
4366,88.98959354943496
4367,74.34921188335055
4368,82.34901833250164
4369,75.72083273414647
4370,56.05216728099693
4371,33.65816271131919
4372,70.23690891480327
4373,79.91416527355976
4374,96.24302559300673
4375,99.01967148948731
4376,72.26409674641737
4377,52.77904700012991
4378,59.91696518824641
4379,74.91196290906144
4380,84.03923889249799
4381,79.81215953938661
4382,71.99926413994655
4383,76.25025388460082
4384,69.33813203848104
4385,84.04154727466107
4386,42.00904930449549
4387,75.02443927209922
4388,94.26564913474007
4389,68.15757768730163
4390,62.93932188961427
4391,40.33029133265022
4392,87.01777339524051
4393,57.74696916843157
4394,58.85292841575787
4395,80.42569245226899
4396,73.4963427230195
4397,92.91074645689349
4398,96.95762267403963
4399,61.62669095598715
4400,69.97581247645452
4401,44.96209372682472
4402,64.69285634129803
4403,49.162185911743876
4404,93.13717815535036
4405,58.3569641741161
4406,87.42875783881325
4407,55.90539054659408
4408,94.89063225031867
4409,45.79005971060426
4410,84.03923889249799
4411,82.9553958397805
4412,70.10709880935435
4413,98.60891063985655
4414,85.14869818585223
4415,65.53341959595143
4416,69.60951307060623
4417,89.96304034037317
4418,67.62864945368199
4419,90.32454460727274
4420,94.9708231725213
4421,65.80055803161011
4422,53.73506134006703
4423,72.498866373432
4424,76.73746918697458
4425,82.13486798957784
4426,91.0640891212744
4427,90.29061109987103
4428,63.6864643422608
4429,64.3394619032959
4430,75.58860079627729
4431,61.46821734496154
4432,43.7476163596206
4433,78.83217067898639
4434,73.56609300286445
4435,70.19092471564419
4436,73.53836159402351
4437,81.04426252816057
4438,68.04252727217244
4439,88.96786619082143
4440,78.44932674048638
4441,72.07587642877647
4442,71.65028282813033
4443,80.5326267589389
4444,84.99495794158489
4445,78.14675216737682
4446,79.10027387775324
4447,107.32835900254422
4448,91.64262869003889
4449,96.72707622031142
4450,77.97476168800641
4451,79.63405654561693
4452,86.72204204983294
4453,92.49086062046237
4454,84.39624734046257
4455,62.4511734291394
4456,29.732327127395727
4457,97.14346668167278
4458,74.977142241096
4459,94.77643340810485
4460,46.066173246915795
4461,98.38154576449503
4462,84.49748634071483
4463,70.76699100723994
4464,65.07810970627199
4465,82.75981664903385
4466,32.12787778685186
4467,99.78417559149935
4468,92.98410511828473
4469,75.70239961308536
4470,69.87549142983558
4471,31.21372532635381
4472,69.74313864851659
4473,75.6559093618486
4474,47.61046491921914
4475,68.60448847675443
4476,14.729728317879221
4477,70.5199933378345
4478,74.29735049638711
4479,80.10205424589967
4480,68.51805915919027
4481,78.18939736753673
4482,93.81057758589867
4483,52.44407360781861
4484,80.82426302769258
4485,57.57394233148322
4486,94.9708231725213
4487,75.41037511124298
4488,52.046520269935655
4489,42.02135661506715
4490,62.85257506354467
4491,80.66003014896411
4492,74.06212416196044
4493,79.66251702487436
4494,95.56304830902684
4495,63.310317949758264
4496,81.00946008475431
4497,67.81349218366925
4498,62.802807726071144
4499,96.03793901734299
4500,68.66781979012983
4501,75.3161948052271
4502,53.4936792828111
4503,99.29884806969241
4504,84.49461962413575
4505,82.8032321721044
4506,68.31470328397421
4507,43.22927645497086
4508,53.01423290540524
4509,89.25819792607791
4510,13.307387716000541
4511,75.76817015886607
4512,32.14309140421123
4513,65.03365716181347
4514,34.4687483747524
4515,67.2208687487525
4516,61.60238524327829
4517,45.97413441379314
4518,55.12950771708826
4519,61.16166643885234
4520,73.1712666089921
4521,44.86163297646658
4522,59.342555979236295
4523,47.89280033460476
4524,54.86650501859477
4525,63.36492620764037
4526,75.7812528060227
4527,65.7411404593787
4528,50.13611457576403
4529,78.47458663545156
4530,89.3038979097719
4531,55.00087525019451
4532,43.33265375061602
4533,86.63350936198194
4534,69.17050321782519
4535,45.05384633659769
4536,58.67988525497783
4537,72.75058822741438
4538,32.60495706848661
4539,64.92628718883034
4540,78.12053093436772
4541,1.6248168839334056
4542,73.66047476386527
4543,66.91649226231883
4544,97.26957823789216
4545,81.87045699698594
4546,61.04464743470533
4547,71.63968393238231
4548,81.80196162282874
4549,93.88161136504056
4550,85.8102794400824
4551,69.0497246685247
4552,84.26040877606637
4553,49.42558477199228
4554,84.40492852214071
4555,89.3038979097719
4556,42.00904930449549
4557,60.27529190815592
4558,88.16557992197704
4559,72.24464258007963
4560,59.70557053461727
4561,93.44296887780231
4562,76.21904236842182
4563,65.92424458166087
4564,76.63273540311805
4565,83.06978226738778
4566,67.84786834015493
4567,80.72462284643635
4568,96.25091459067693
4569,55.13271841262301
4570,83.26605985773261
4571,93.44296887780231
4572,72.87484507868038
4573,74.86113619151963
4574,95.48881116757391
4575,97.14213097402208
4576,71.14426154922748
4577,94.69276425797398
4578,65.57506936224652
4579,42.81784069610955
4580,71.40721623123581
4581,50.344531867395
4582,81.12537236633408
4583,89.02359811128424
4584,81.90703884454011
4585,86.19023545635083
4586,84.7589728677194
4587,65.08974389443648
4588,74.51080975213662
4589,86.63350936198194
4590,61.40014901480233
4591,98.26888454553864
4592,66.37921016636952
4593,78.80581363985972
4594,74.00646901505873
4595,60.86887402468004
4596,68.8328057485441
4597,30.532301882627777
4598,93.26908617427983
4599,62.28973526913553
4600,68.6159569543274
4601,61.06924624510998
4602,73.63605051142466
4603,75.44805795542554
4604,64.13757409559346
4605,81.66583284913156
4606,70.67869237018255
4607,94.77643340810485
4608,100.87288815433598
4609,89.10237867961303
4610,82.34969314582034
4611,91.40734030230742
4612,78.13614338828874
4613,81.5362150359461
4614,85.22114902387605
4615,61.2470451945406
4616,42.85460954812494
4617,47.892433692403785
4618,85.44759442794418
4619,98.1154397597515
4620,81.21501450777916
4621,74.4664659572693
4622,58.21980299192233
4623,69.61598239608104
4624,61.052784147222525
4625,77.82259919500967
4626,76.45414845004629
4627,52.246170471741365
4628,70.58370317759798
4629,53.78347553213632
4630,64.79419185845285
4631,66.11528568192479
4632,81.66583284913156
4633,42.468460590029245
4634,95.3665452100004
4635,95.30396220054314
4636,81.86902052624794
4637,78.618316827464
4638,38.996968225699646
4639,64.69832456332198
4640,70.06982174327041
4641,85.31254782380364
4642,77.79622538897081
4643,90.51463310173848
4644,77.76134435903892
4645,82.33910681201316
4646,90.04701182763702
4647,86.08502832641139
4648,59.85010889710917
4649,61.06652476730615
4650,44.094275021413516
4651,69.26101837556917
4652,52.477567934826844
4653,83.53464722955587
4654,64.30389635859552
4655,79.56095414894033
4656,70.4297555395673
4657,83.36621171152987
4658,95.3665452100004
4659,81.4436084511348
4660,52.78559894092769
4661,69.52270560864847
4662,69.75626637882745
4663,73.4963427230195
4664,95.73769521230842
4665,75.73323865702987
4666,89.26438810434172
4667,83.65904298607649
4668,36.79957052143437
4669,45.11904968941103
4670,92.35253098268024
4671,55.73375529365258
4672,74.80168050663629
4673,73.30459107256553
4674,82.06390436811151
4675,75.11899214152713
4676,49.36265706802164
4677,59.558269689158685
4678,92.75937067181417
4679,63.86035738881
4680,72.25060559416873
4681,38.91797866186604
4682,79.42805066416372
4683,78.83238788794549
4684,92.3179122887993
4685,46.66712809068352
4686,53.91647204792415
4687,80.86102287839398
4688,77.19703631598716
4689,72.95498901939482
4690,98.80351684758966
4691,74.3446424049992
4692,52.94665275843609
4693,83.53979024442383
4694,44.78489691464987
4695,79.0520611033736
4696,78.64018706265814
4697,62.456196342929864
4698,75.70239961308536
4699,55.40977058691385
4700,53.44525902083594
4701,50.396093556146326
4702,77.99511104718484
