Id,Rating
2351,97.79137677103799
2352,83.82221056043113
2353,84.1458579636573
2354,31.868266209411047
2355,80.58580025083735
2356,87.45469954564223
2357,88.7783291089706
2358,68.56958268234642
2359,36.37694616256003
2360,91.2383644981031
2361,55.99319187156063
2362,87.16487867847141
2363,64.19997861423445
2364,99.18957664682827
2365,69.48714917371397
2366,103.54853368328496
2367,72.37208311005904
2368,87.89745509802489
2369,88.37280478839857
2370,63.618425273833026
2371,66.97656441477575
2372,99.2011881096945
2373,60.957341696554224
2374,80.71568979635971
2375,23.232313117658038
2376,44.354864542007626
2377,81.79639412522776
2378,57.39364218549615
2379,89.92800643359573
2380,78.7367624321608
2381,65.63834815923074
2382,90.60733986095201
2383,88.64318840462086
2384,95.57069734025637
2385,80.67201329205375
2386,99.48499948413507
2387,86.53916614691948
2388,89.69802895526306
2389,79.57898543641953
2390,79.88012731075342
2391,64.01090884310707
2392,99.21168706231035
2393,44.2497704078969
2394,78.42295961130378
2395,89.4635497864693
2396,98.48348527778487
2397,71.67985056407866
2398,93.13871035878955
2399,89.52290587447084
2400,92.07057798527723
2401,60.412860152156
2402,98.42305944441217
2403,60.957341696554224
2404,97.22577925684044
2405,72.25713504995903
2406,73.80348305569507
2407,52.76001518169823
2408,55.423986449843866
2409,70.18349725778965
2410,45.2838230168689
2411,79.92800071721486
2412,89.0773836224176
2413,98.93648549676703
2414,97.10847509272884
2415,57.37332017096478
2416,71.97152718537434
2417,22.719208875704233
2418,80.88568001146086
2419,63.09580136334058
2420,70.96436111511798
2421,89.61679636235405
2422,60.42422441490266
2423,93.64113294390128
2424,60.2242385620417
2425,85.2440434712234
2426,67.37890689043391
2427,61.265269247243225
2428,77.77337466677744
2429,79.41477935360653
2430,99.09322971555461
2431,91.21146218078812
2432,87.22976942889626
2433,94.02896245299894
2434,85.86108458904565
2435,80.10329082988237
2436,89.32636871573149
2437,79.40701913772511
2438,60.264690859532
2439,88.34125300146326
2440,87.68765250030941
2441,37.756441561143504
2442,93.44795521198779
2443,70.4526483764739
2444,87.15562152815865
2445,44.96470937429906
2446,60.27129284443029
2447,83.74238822259815
2448,60.64371589366142
2449,74.33093265652687
2450,75.81797338991429
2451,89.28473437675221
2452,99.1514384368882
2453,89.06922374918577
2454,80.17502872393707
2455,108.54483682296673
2456,40.83578940565373
2457,89.10964713735058
2458,82.37694448633486
2459,99.33861935985777
2460,107.4688788261779
2461,97.44821697834482
2462,72.19897553203444
2463,38.518765081789404
2464,50.11490100981622
2465,78.42295961130378
2466,78.87505001329792
2467,80.27115838819192
2468,98.17310805654208
2469,84.94499430837693
2470,79.6428255954253
2471,108.54483682296673
2472,69.10782243160212
2473,42.43344283481767
2474,59.6410722044773
2475,99.60257415333686
2476,99.0201086025585
2477,87.33278888093275
2478,79.81952833421052
2479,29.97027296890805
2480,84.81777352445685
2481,89.1205346618724
2482,99.09992665798342
2483,21.02703175338101
2484,63.45334177798085
2485,90.19375908830162
2486,83.60418718260124
2487,99.50556105802667
2488,46.599455629435425
2489,94.45560582956489
2490,99.50556105802667
2491,71.1512812441692
2492,99.1514384368882
2493,99.75866720068211
2494,99.75665661549493
2495,64.19710902409291
2496,52.82346954673677
2497,55.15514020830161
2498,59.477113791378514
2499,89.49992178653835
2500,86.35404879796361
2501,80.56894797499464
2502,62.31657255310362
2503,91.68603779837196
2504,70.09404371497685
2505,78.01697299307229
2506,99.41796289636379
2507,60.353321331178975
2508,79.06582889785295
2509,76.43189191020497
2510,29.315865085326863
2511,79.79660262753761
2512,82.23379343243148
2513,46.74446761877378
2514,90.33282733832455
2515,46.050429073043325
2516,61.013632218674054
2517,65.069091614987
2518,47.0947824775111
2519,111.32497071378356
2520,89.52067851759787
2521,60.68956746571149
2522,69.62630254555395
2523,60.406156510028424
2524,64.56852881820367
2525,89.28364462628765
2526,88.53798862681859
2527,80.14186708305998
2528,90.42907179449693
2529,78.80532535243691
2530,99.77050436734011
2531,72.04798084486777
2532,91.30469845889553
2533,70.37043034024722
2534,47.195681342134264
2535,85.92212382188647
2536,99.11208815696881
2537,96.79000877445567
2538,88.7783291089706
2539,75.36593741864759
2540,86.06385697089127
2541,81.29031316173176
2542,44.757369942040256
2543,90.40490900506633
2544,90.01152758052591
2545,91.84365042643373
2546,51.86061061204215
2547,82.21099421345232
2548,99.14419902977608
2549,87.6597253538402
2550,72.01677132747335
2551,80.62153115727729
2552,98.48348527778487
2553,88.8684318743079
2554,79.9424231194635
2555,50.208964951076844
2556,68.79703066788082
2557,92.49684933109573
2558,86.39397380243403
2559,59.14155637971507
2560,93.90568224428047
2561,83.45360845903845
2562,70.15491467688473
2563,71.5510187495397
2564,85.33653704136836
2565,95.41097056175502
2566,98.82568148285202
2567,87.30293677787557
2568,93.01614221085549
2569,89.70399156491335
2570,30.76567223298803
2571,56.8030930472451
2572,89.4635497864693
2573,70.55213184218113
2574,68.656018520803
2575,97.77407216886778
2576,40.76616063966437
2577,77.52493558371062
2578,88.70064603918874
2579,83.69910030616501
2580,61.36543334382591
2581,69.14998457603213
2582,102.27130399502752
2583,89.46190536234663
2584,70.02871659008736
2585,31.705066684197043
2586,99.12911411560484
2587,52.51129054759688
2588,61.29720540137953
2589,40.7092680302309
2590,73.40927692112325
2591,59.71745613047839
2592,98.93247721912078
2593,60.73006864613722
2594,41.552932979561945
2595,89.30713087712994
2596,85.02151495052486
2597,98.07657601579375
2598,86.47291888235358
2599,67.77782273672204
2600,79.79267144413836
2601,98.99440783901883
2602,66.68004814088609
2603,87.2679177221993
2604,69.92796658074064
2605,79.85317348713122
2606,74.56627284823837
2607,89.49992178653835
2608,79.65663779117844
2609,23.232313117658038
2610,64.38707864595848
2611,88.3124429628687
2612,99.46735330980886
2613,84.77326686346197
2614,32.70439892931381
2615,79.42442989862275
2616,51.99444527705287
2617,98.10258013146662
2618,61.41089465963532
2619,89.2715451775579
2620,47.585738680967644
2621,67.4093663861085
2622,72.48359919418372
2623,89.41961997948209
2624,57.347092189870004
2625,75.59117247630009
2626,77.64867795137934
2627,88.95747449242563
2628,89.95734167957215
2629,40.77969511914484
2630,40.39765942484178
2631,99.34599389286001
2632,95.87745362830495
2633,99.20643214650241
2634,58.48332158785428
2635,14.746712458211746
2636,79.6428255954253
2637,92.97883259640793
2638,69.29680768307854
2639,70.63453446556427
2640,104.52276331383838
2641,83.7438073545689
2642,91.74618068399401
2643,98.2515257579848
2644,78.25435258399563
2645,88.2020833714446
2646,67.33907192210854
2647,80.14451708364221
2648,60.8673946797508
2649,79.89377327316778
2650,70.55213184218113
2651,90.00522280606059
2652,57.48742727160955
2653,88.28889828025338
2654,87.88518563686466
2655,78.29220967661037
2656,66.01498422074927
2657,78.94258697558637
2658,93.13871035878955
2659,33.18312784696604
2660,89.90937286232014
2661,90.53666669762242
2662,75.75188815251352
2663,63.147546158109265
2664,85.78511435769364
2665,98.29558536178419
2666,64.21011398770395
2667,97.87914427203106
2668,92.73900553264254
2669,89.08254614960293
2670,70.08130688170085
2671,95.65904917407708
2672,97.61965580662361
2673,99.24785632117622
2674,79.55668041297915
2675,86.72560558459108
2676,83.49305321283913
2677,92.05928748315955
2678,63.78340866217758
2679,57.48958356337441
2680,80.00317480478452
2681,70.1279143414519
2682,98.79597936684954
2683,83.19829738742037
2684,98.06904491758817
2685,61.775738032687904
2686,36.33927661103512
2687,30.452115263197207
2688,120.55465480700664
2689,99.69421561979573
2690,74.22516446340931
2691,60.558290485140844
2692,61.72858955044487
2693,61.36543334382591
2694,87.40496696687225
2695,61.41089465963532
2696,58.48658526113567
2697,57.51217191752359
2698,37.545453196569525
2699,81.38037992627211
2700,63.788819160909945
2701,88.68496137136646
2702,69.88401493376657
2703,89.86331253171338
2704,65.59181215796784
2705,79.81959350895899
2706,93.59691820689582
2707,70.31901677725567
2708,99.62148380491269
2709,89.58514946291247
2710,89.54542243617497
2711,99.51698832221054
2712,89.68084904464764
2713,79.81959350895899
2714,98.17310805654208
2715,83.09180862052408
2716,67.71376864587705
2717,92.59349684298613
2718,94.63326397607797
2719,50.91316032911894
2720,89.79294070910761
2721,99.24785632117622
2722,49.32252699507015
2723,59.46415335448555
2724,33.53935626084528
2725,79.36552906273768
2726,60.22991673286792
2727,66.23174468993588
2728,62.2610004561484
2729,42.16588099087307
2730,89.2977560594496
2731,109.09285580434675
2732,44.14417318265512
2733,84.69332574446939
2734,60.63550424004735
2735,54.45061508223899
2736,67.13764056249536
2737,60.67258216271731
2738,79.8790670037377
2739,98.69593536874788
2740,99.54235926814796
2741,60.81239672297114
2742,99.53188769874686
2743,89.60460162487321
2744,89.28221487271256
2745,70.44716890228435
2746,61.13838872107296
2747,82.39693061432396
2748,81.9979161954239
2749,60.35223455838625
2750,84.2992177658018
2751,98.32951481676007
2752,79.49663983704785
2753,63.360503792467455
2754,81.73724471344968
2755,60.353321331178975
2756,61.91717386950537
2757,78.00768760829963
2758,90.76475656789944
2759,70.62725081205832
2760,68.6357309151118
2761,72.35977711583826
2762,89.38067365980451
2763,65.42170752071851
2764,97.70646407123806
2765,70.02853534141988
2766,55.667335156730275
2767,86.94283011105772
2768,70.58749876639965
2769,79.28614136552481
2770,43.221343025056925
2771,84.79128054172706
2772,93.27715905778602
2773,98.81741308600901
2774,89.08254614960293
2775,26.151542647045858
2776,21.135137258689753
2777,89.24349544580491
2778,79.75218692317843
2779,65.59181215796784
2780,41.76706994720409
2781,17.150587025075936
2782,81.26134339075307
2783,79.64095577146892
2784,-1.3468516111404796
2785,14.789760449681872
2786,102.95624811183876
2787,70.18233651047018
2788,89.1205346618724
2789,65.13230502480336
2790,59.716903712384436
2791,98.64360326639223
2792,99.07205189595732
2793,69.9389795314782
2794,90.18192783987287
2795,36.910318084610466
2796,49.69850892621528
2797,101.55258140823258
2798,69.40450127145448
2799,103.99500486704261
2800,86.40851433165611
2801,94.53379205928181
2802,80.43007616540291
2803,87.69979036298182
2804,70.28502924811504
2805,89.5408651492987
2806,70.20771399084904
2807,83.17516868907452
2808,41.86505136945664
2809,80.54981827462778
2810,105.56536076273352
2811,107.11942378570306
2812,78.84788886112605
2813,85.3169753445754
2814,72.42063852488036
2815,79.07803227907243
2816,60.45380856349488
2817,89.4950658774012
2818,78.80429557798786
2819,40.73570603763572
2820,70.15491467688473
2821,98.32951481676007
2822,79.49663983704785
2823,99.16158008821095
2824,89.69802895526306
2825,70.09404371497685
2826,90.12027289558459
2827,88.32002701659285
2828,40.641932015940625
2829,62.24279069013761
2830,60.821737802529626
2831,87.83922599549004
2832,67.62857135388478
2833,94.67990188025422
2834,91.3816226864679
2835,90.12027289558459
2836,54.224177974904975
2837,83.17328997151498
2838,77.52601475669334
2839,60.2669519906039
2840,98.05511582872802
2841,41.552932979561945
2842,62.46206528539058
2843,38.518765081789404
2844,56.73529512613318
2845,59.97050659436144
2846,89.4483212829767
2847,99.09322971555461
2848,70.11108099461052
2849,71.15887669720308
2850,37.57756519610873
2851,88.37280478839857
2852,69.05014330098186
2853,64.85432205936192
2854,76.29559232477703
2855,103.72111930532225
2856,90.40490900506633
2857,93.00186913823771
2858,86.3006679704153
2859,84.50175619929226
2860,77.59618908259753
2861,59.831299467910426
2862,113.43178133882894
2863,59.716903712384436
2864,71.4729817580365
2865,89.70311764382205
2866,90.08282573001972
2867,60.68442891727477
2868,81.13944621925923
2869,76.24966092912587
2870,90.01653978598621
2871,70.17902172961821
2872,99.77050436734011
2873,62.70793519219938
2874,70.60270540637181
2875,89.71123176012401
2876,71.71821530298014
2877,70.06061741106514
2878,44.061408940823625
2879,94.0137945205543
2880,89.47192117477786
2881,79.25500111390909
2882,26.99725553742497
2883,88.7783291089706
2884,98.70780833924576
2885,99.23448730603903
2886,80.54063431373551
2887,75.84246008534983
2888,60.45380856349488
2889,85.68406464965682
2890,67.03499545183429
2891,76.33133537225461
2892,126.18617450895871
2893,93.13871035878955
2894,89.46275836666345
2895,121.6723209912841
2896,61.814485453604604
2897,79.41127861467267
2898,61.75682698057605
2899,98.8833389571244
2900,61.4439615195504
2901,55.21401562851311
2902,85.5515608705598
2903,98.5598715570042
2904,64.30916796551261
2905,83.46496425329998
2906,93.33271432614848
2907,70.3071794244508
2908,99.3900910764925
2909,87.6597253538402
2910,65.444825020358
2911,60.96147903237795
2912,75.55601938812217
2913,91.02136601375393
2914,60.92584608182401
2915,96.53032843261224
2916,85.03972378289221
2917,87.8282242700495
2918,63.00228003216549
2919,60.46668291351632
2920,96.25292825712589
2921,79.62829876459281
2922,89.85674151732968
2923,83.18462975402772
2924,76.41491039823816
2925,86.47772183271212
2926,89.20565107831801
2927,81.88440109631979
2928,89.25142687371346
2929,89.28364462628765
2930,68.49426091643474
2931,65.19343176295666
2932,94.83145016282946
2933,60.39217674834742
2934,64.7167123767263
2935,77.90266547660946
2936,88.34125300146326
2937,33.53935626084528
2938,99.49727740161502
2939,97.99721637130226
2940,78.42295961130378
2941,88.69794723126188
2942,92.12952172684075
2943,79.9606373476254
2944,61.918395684311356
2945,98.77336164876603
2946,57.86069048203351
2947,78.84758212534007
2948,51.24717635184837
2949,79.79310037468639
2950,42.1771893207142
2951,98.71738401578143
2952,81.73315195459112
2953,99.49727740161502
2954,55.5502570292426
2955,77.33743978446398
2956,90.40490900506633
2957,75.94915585858942
2958,98.29558536178419
2959,75.84246008534983
2960,74.98540647273413
2961,70.26894836602182
2962,110.25196124322643
2963,60.27957562541879
2964,89.99122322919933
2965,97.42913122297713
2966,67.66507657104248
2967,116.0200128905563
2968,98.88147326887267
2969,65.97740064800489
2970,60.35223455838625
2971,97.96918172385908
2972,74.6588683177663
2973,89.63142486180158
2974,82.66943381013904
2975,64.87456554410143
2976,89.88073855710432
2977,48.71238682868701
2978,81.15614577884956
2979,77.69920067070899
2980,60.20903329546424
2981,76.44617121192705
2982,95.96160924681561
2983,74.28035701570867
2984,90.76475656789944
2985,61.48958109283396
2986,93.9222973119947
2987,63.1419167949877
2988,46.5832507979604
2989,99.37037815442596
2990,75.23011342651259
2991,70.49853032642376
2992,81.38540014909404
2993,68.90276721109306
2994,77.18409972675722
2995,74.08244305204644
2996,68.9641224262143
2997,99.54685846091263
2998,60.2370835857499
2999,60.27957562541879
3000,99.09992665798342
3001,78.86297034714693
3002,71.65530281850727
3003,63.61316974795615
3004,89.38716042199972
3005,82.6567258665867
3006,67.68604504768611
3007,56.4224999800417
3008,60.68956746571149
3009,40.723969824657445
3010,75.84246008534983
3011,92.22912301095903
3012,57.17936787653424
3013,98.93648549676703
3014,87.26698265922056
3015,90.71383325067757
3016,84.73864116799002
3017,67.319792413382
3018,89.61679636235405
3019,60.78071067147332
3020,99.26426144754016
3021,88.41815128307843
3022,73.06509549778788
3023,81.97525624389016
3024,70.26894836602182
3025,69.98984366385635
3026,81.08098796002373
3027,84.80867790379949
3028,73.4540362130274
3029,79.8105312103082
3030,60.56210503762535
3031,87.46551029798235
3032,76.43179462415578
3033,78.06509589422699
3034,69.6475049248682
3035,45.2132622267945
3036,87.39282037133651
3037,74.94906900930144
3038,107.75539074708286
3039,98.73626580136165
3040,42.47488869995574
3041,21.66597017148679
3042,37.67769708810226
3043,90.4166357836587
3044,87.93993623261431
3045,79.96477071940022
3046,84.93308309399548
3047,72.12601826770798
3048,98.48348527778487
3049,84.93308309399548
3050,99.3384047968669
3051,60.44238312723238
3052,88.69818964909027
3053,66.20311168642003
3054,42.3912012471028
3055,76.23245565181396
3056,16.45104151608203
3057,99.17296326717064
3058,103.13269429991269
3059,82.53127813414727
3060,67.6282122888755
3061,89.95734167957215
3062,78.79050942933866
3063,53.04725336241508
3064,60.6153251924025
3065,80.68158925947793
3066,89.28363491307374
3067,59.462432585756474
3068,97.61965580662361
3069,56.55419362526715
3070,40.601002505733646
3071,40.504209525469804
3072,79.91802094935471
3073,69.795585954515
3074,43.80142981365988
3075,57.90265548471193
3076,99.39195373760136
3077,100.20734345007033
3078,49.32252699507015
3079,79.76181618103163
3080,99.45197431928226
3081,53.51603968901748
3082,89.03990000829621
3083,100.80781089670904
3084,87.6597253538402
3085,53.73189238309968
3086,98.81920415201117
3087,42.12756883724663
3088,83.83195070084469
3089,105.0507811687329
3090,79.78337895948435
3091,76.85215311073978
3092,92.46580697398853
3093,98.07657601579375
3094,79.7015453184053
3095,60.353321331178975
3096,60.821737802529626
3097,89.94992538747918
3098,93.9452859723539
3099,61.786886741667026
3100,62.33490567984798
3101,71.75512367173658
3102,79.81024837954502
3103,49.5998140040501
3104,40.656836767014205
3105,85.14540842103868
3106,89.70617728798535
3107,66.12649015862259
3108,81.24239059792856
3109,70.11710398945998
3110,99.03394204048311
3111,90.28009881654593
3112,87.99180466218985
3113,99.1553843527254
3114,46.89987489478037
3115,91.5526765638539
3116,85.5939510273716
3117,115.633709405139
3118,33.305917861598466
3119,88.7479746498928
3120,99.68611606205604
3121,68.63805325371933
3122,86.51380729742294
3123,57.28745438653678
3124,99.11793263830582
3125,68.13662507888533
3126,88.75648446338573
3127,60.6153251924025
3128,60.28841578331739
3129,73.95081337752661
3130,104.36584588132752
3131,41.05235025380943
3132,34.664158773027985
3133,99.23494976944704
3134,94.54886912861285
3135,76.13897491827854
3136,70.84904667024298
3137,99.38756564221632
3138,86.9468257352772
3139,80.5437412228117
3140,78.28304527209158
3141,88.68496137136646
3142,79.42442989862275
3143,89.4950658774012
3144,70.55213184218113
3145,99.53489205799553
3146,41.94608492427405
3147,6.160374556706763
3148,84.46677931432613
3149,99.36381813274168
3150,99.23494976944704
3151,99.33135270171064
3152,75.78501805716319
3153,85.84021555033162
3154,99.43641822754114
3155,99.30681352534337
3156,70.28502924811504
3157,66.59880832822294
3158,88.09361419654856
3159,65.07200295832756
3160,79.29625363883153
3161,78.06984270194654
3162,89.56841657508379
3163,89.20565107831801
3164,99.1553843527254
3165,70.4230598717646
3166,76.31080988556666
3167,99.81097244346054
3168,32.8377117770529
3169,75.07472536917123
3170,73.00988392075145
3171,70.4526483764739
3172,78.15545174850783
3173,78.85420473307909
3174,89.68481668727912
3175,47.01576472669855
3176,79.64044451511744
3177,76.39741151251614
3178,89.70617728798535
3179,81.11745018641574
3180,75.93776864336206
3181,60.13690377174718
3182,69.52698440343009
3183,60.64371589366142
3184,89.70617728798535
3185,73.95203813114831
3186,89.12578323552115
3187,111.73577551226333
3188,99.91340633980366
3189,78.83463370285895
3190,99.32986468641909
3191,88.32953098713904
3192,78.53523584927693
3193,79.26197599649831
3194,89.629176833187
3195,108.54483682296673
3196,88.32002701659285
3197,66.07210164718387
3198,44.204531749626526
3199,88.11723999006145
3200,27.490256996783017
3201,49.69850892621528
3202,75.80156378446736
3203,81.06118411906282
3204,25.699444977105095
3205,82.49849907378929
3206,98.04763788117717
3207,99.70015652675696
3208,89.20565107831801
3209,89.46275836666345
3210,71.9220777767985
3211,68.59941769259618
3212,69.59835813777897
3213,75.6190567206575
3214,97.79137677103799
3215,61.41089465963532
3216,39.50304677084354
3217,98.01067250216727
3218,81.15614577884956
3219,88.52222044373754
3220,99.2433589678214
3221,84.19187713575766
3222,93.02939446857349
3223,91.19791781189609
3224,79.33007596990068
3225,107.26917393414956
3226,89.10964713735058
3227,71.93210977038257
3228,97.88774195095826
3229,63.32386408433918
3230,70.96436111511798
3231,70.09482718688724
3232,79.41477935360653
3233,100.17445580388855
3234,99.2433589678214
3235,89.63142486180158
3236,88.64318840462086
3237,82.13962608669242
3238,80.47167358779473
3239,41.62751244159747
3240,69.89882088122404
3241,93.00475611038232
3242,64.1903866292906
3243,107.89674935059108
3244,78.68528702352859
3245,54.78381315717275
3246,99.2433589678214
3247,89.58514946291247
3248,77.99690118885235
3249,99.21162898954185
3250,82.82133605787234
3251,105.01567678556533
3252,95.23636574493472
3253,79.85317348713122
3254,79.50027155773284
3255,59.3790818577409
3256,76.16783396469046
3257,60.22154699584373
3258,70.51656898452566
3259,98.81741308600901
3260,98.07657601579375
3261,89.72859125117519
3262,87.79354585781012
3263,57.68209214041381
3264,79.65663779117844
3265,35.38495408433076
3266,104.99704342468044
3267,60.23179204525664
3268,21.135137258689753
3269,86.79037014569872
3270,29.11888328220803
3271,77.22511902945759
3272,84.46677931432613
3273,76.92788881006074
3274,67.88679129020657
3275,75.7184199681116
3276,63.92774335097294
3277,89.10964713735058
3278,38.483661961194414
3279,65.43937575981423
3280,91.72033686565453
3281,91.80549130283381
3282,88.02013093839497
3283,23.232313117658038
3284,71.0585787244364
3285,85.9947630777059
3286,52.83062721095842
3287,70.96436111511798
3288,79.63957933136462
3289,98.96578047028586
3290,99.21162898954185
3291,98.5168735904021
3292,99.09798975511387
3293,99.26322249146504
3294,89.52067851759787
3295,102.95056020066725
3296,82.69980363098628
3297,54.635072447072886
3298,59.95764944051869
3299,75.5440599869182
3300,92.30093287224094
3301,98.04763788117717
3302,82.03491075865927
3303,60.2242385620417
3304,84.5911949840044
3305,98.81920415201117
3306,32.70439892931381
3307,82.60365043868384
3308,84.51013283593528
3309,69.67256984951842
3310,63.563607589349935
3311,60.29103333031709
3312,79.3437159744794
3313,70.70230849906899
3314,98.87656092185443
3315,92.95150465606656
3316,79.09655581515901
3317,61.77940261534624
3318,17.851941261958338
3319,46.65187005373764
3320,89.87888071813512
3321,89.50952510786026
3322,53.216463681603265
3323,51.83364475823386
3324,97.96918172385908
3325,57.95299712556471
3326,43.00995277810159
3327,68.11024301470732
3328,68.80632252514708
3329,99.13842868407902
3330,89.32636871573149
3331,89.6726269141667
3332,67.23485515496246
3333,105.20330475944168
3334,98.94811321452207
3335,49.19142690707666
3336,82.3257971670455
3337,80.14451708364221
3338,80.62153115727729
3339,60.60277469548913
3340,40.723969824657445
3341,75.10748779225248
3342,71.95821624938085
3343,89.79294070910761
3344,71.76007079287795
3345,81.76668685899942
3346,61.85922137762837
3347,108.64120542375989
3348,92.67475038098864
3349,99.33135270171064
3350,108.46226654193032
3351,72.0656834673659
3352,84.74340664809164
3353,72.93838329690118
3354,71.63209310854519
3355,89.47992452950976
3356,82.96053199177986
3357,66.72780354394457
3358,108.71577214627666
3359,91.16513472790544
3360,92.72661066599633
3361,47.192068162391664
3362,62.60814555229831
3363,62.286498920404604
3364,75.17402528513522
3365,48.12275909574585
3366,99.21168706231035
3367,98.71738401578143
3368,60.118789331845
3369,77.97914691943579
3370,66.16609985274289
3371,98.38144233670664
3372,70.84904667024298
3373,70.41659222023308
3374,89.93105208565711
3375,34.92012018027247
3376,75.44777283537645
3377,99.26322249146504
3378,88.94576516995593
3379,89.12880941622599
3380,79.97997383523801
3381,100.1994952484819
3382,70.35762769223066
3383,100.63170607238385
3384,9.148328957822905
3385,73.21288214211744
3386,77.3901012246288
3387,98.99766609407673
3388,54.86391450112587
3389,51.6260808649665
3390,81.5443987919087
3391,59.92661788510574
3392,56.37764328293281
3393,50.36253138382419
3394,87.89745509802489
3395,87.05329736781528
3396,99.56230368877284
3397,30.90096119808478
3398,98.70780833924576
3399,80.43595561318557
3400,89.91912146672058
3401,100.20734345007033
3402,77.83807850389437
3403,70.13859713093471
3404,88.68496137136646
3405,60.23179204525664
3406,90.5196592182158
3407,60.6153251924025
3408,101.03537283514923
3409,48.58021839944588
3410,94.26467526260038
3411,27.154558763489838
3412,99.37072727834149
3413,91.64432199089481
3414,98.93648549676703
3415,97.44821697834482
3416,65.49263485760329
3417,38.433608015562996
3418,80.68167610583194
3419,60.412860152156
3420,97.01290014997866
3421,88.37280478839857
3422,74.70442088714769
3423,83.2588775216668
3424,60.534734229799284
3425,89.41961997948209
3426,89.25142687371346
3427,99.37037815442596
3428,92.22671006978386
3429,83.83298199717149
3430,81.15614577884956
3431,98.90606269199765
3432,41.86505136945664
3433,59.94879479139538
3434,88.6215888356581
3435,83.01298689758187
3436,97.22896747831446
3437,84.6157980908131
3438,89.0773836224176
3439,90.12755750792616
3440,92.46580697398853
3441,75.68704847545611
3442,98.01067250216727
3443,112.44718708674826
3444,56.07548539712805
3445,70.49853032642376
3446,80.10329082988237
3447,49.69850892621528
3448,80.12338578034571
3449,81.14123371288942
3450,99.12489663746993
3451,88.37521926061153
3452,85.64842616721867
3453,84.68075961134178
3454,99.0201086025585
3455,81.34147980817065
3456,82.8233782013385
3457,93.13871035878955
3458,90.00987208790156
3459,70.39914007665031
3460,87.6597253538402
3461,48.28262406065788
3462,89.88073855710432
3463,99.41743627335718
3464,55.04988804321681
3465,79.41127861467267
3466,65.84575215352282
3467,70.4230598717646
3468,85.27711003002796
3469,92.23321114102161
3470,113.17288350745798
3471,90.73253257666715
3472,84.92654987855374
3473,68.66335908454337
3474,73.45322571232359
3475,69.70453458923153
3476,69.25559762842715
3477,84.48268072218403
3478,95.84858697091408
3479,60.01059712557923
3480,71.49111391630679
3481,98.64360326639223
3482,103.01688443692281
3483,65.81409280798582
3484,87.53183399676047
3485,68.4033424131784
3486,72.97012420575984
3487,87.40321499925122
3488,41.42188819714259
3489,89.50633588146388
3490,89.20131733651921
3491,99.31157606408514
3492,60.68956746571149
3493,82.66943381013904
3494,77.40037160638846
3495,60.22154699584373
3496,48.24190717415455
3497,70.84904667024298
3498,78.96293121936212
3499,102.97197011554746
3500,93.26790893663906
3501,61.46608337480303
3502,79.41127861467267
3503,87.09047532021893
3504,72.4044304631643
3505,99.48745325253869
3506,91.21146218078812
3507,115.56999086801713
3508,72.48904356583763
3509,79.22203822525077
3510,79.77623321342259
3511,70.08130688170085
3512,38.518765081789404
3513,86.3006679704153
3514,112.42838219663602
3515,75.78528817850861
3516,73.8327198772822
3517,79.57898543641953
3518,89.42467043644666
3519,83.93932843512157
3520,71.35407925277997
3521,42.16588099087307
3522,102.07120032365873
3523,40.86518124382719
3524,93.0669005797024
3525,105.39813545621664
3526,98.10258013146662
3527,21.155619481607552
3528,99.04224032714887
3529,60.58330495871781
3530,32.57392676782463
3531,85.70121438807159
3532,49.922309696892825
3533,81.10805987393708
3534,80.09573385838941
3535,89.63142486180158
3536,60.26337648883684
3537,79.42442989862275
3538,80.56845306536228
3539,98.99440783901883
3540,51.48456208610877
3541,88.1282392298852
3542,96.31606900532893
3543,67.80744568146979
3544,61.33786938775549
3545,119.34892934359696
3546,60.73006864613722
3547,89.60460162487321
3548,78.98782797529324
3549,21.02703175338101
3550,95.13651313794692
3551,80.71264782978582
3552,89.23640352668089
3553,90.25766525269592
3554,72.93816674618081
3555,72.79833215415314
3556,72.38709155696347
3557,74.54125291731104
3558,105.91219325959202
3559,87.25812397928875
3560,74.583602378185
3561,90.58670657003974
3562,98.49183578215528
3563,79.04994279269029
3564,97.74259366484789
3565,63.6656289463281
3566,83.46501321810828
3567,97.96918172385908
3568,88.07494058743255
3569,97.8410970293056
3570,79.60477824152895
3571,65.58844833669417
3572,83.34980671799273
3573,78.47538935530224
3574,50.57948787637102
3575,75.85525038322184
3576,50.066275058571556
3577,64.63095683644373
3578,87.50964327981022
3579,91.08542210278152
3580,60.558290485140844
3581,79.7104351231235
3582,99.26286540436507
3583,93.06978132794669
3584,65.66894656299057
3585,72.38709155696347
3586,57.594153371532286
3587,99.16158008821095
3588,70.63997432214487
3589,70.92430158745688
3590,99.91340633980366
3591,99.46935293136647
3592,84.46677931432613
3593,60.60277469548913
3594,74.95874131128639
3595,99.26426144754016
3596,55.20626571902029
3597,99.90660423408367
3598,89.47992452950976
3599,89.99122322919933
3600,79.86775779231803
3601,89.68084904464764
3602,41.86505136945664
3603,86.3006679704153
3604,64.92164966982338
3605,54.70749006080807
3606,60.42422441490266
3607,104.71856264944859
3608,64.48633617731267
3609,68.30105249848977
3610,88.34125300146326
3611,59.792418457046935
3612,69.51806820689158
3613,87.89745509802489
3614,92.96714290514905
3615,58.611294330732306
3616,54.8838588438606
3617,99.66586984346158
3618,70.89918402894533
3619,37.8118176403153
3620,70.10732733840135
3621,73.71565702712616
3622,80.43980375821744
3623,79.40301974392808
3624,82.39056166658084
3625,60.08326841963305
3626,79.79267144413836
3627,98.42305944441217
3628,60.28841578331739
3629,88.83451800921489
3630,80.14186708305998
3631,78.59177075673868
3632,75.30296532446026
3633,97.07930796096204
3634,83.31024507754044
3635,78.3514729166487
3636,60.353321331178975
3637,69.21825007018997
3638,99.09723938492246
3639,82.39056654343113
3640,54.28844172608696
3641,41.05235025380943
3642,99.06562090380098
3643,95.24839762667199
3644,91.47537059857972
3645,97.61965580662361
3646,85.52830031585398
3647,89.2605929478343
3648,88.32002701659285
3649,60.670287621686725
3650,86.43647907575344
3651,48.24190717415455
3652,79.70034089482952
3653,79.38651116560877
3654,63.300905009247806
3655,89.60033902421961
3656,79.62506168222241
3657,76.73333488805267
3658,89.36003481359981
3659,99.2011881096945
3660,83.69345994070498
3661,68.33688237569228
3662,82.4490514061374
3663,84.12836969862735
3664,60.670287621686725
3665,61.14280754766961
3666,121.55785177106202
3667,65.40689179462112
3668,108.28783880681554
3669,79.60477824152895
3670,79.70034089482952
3671,44.20781107568874
3672,36.84823228712301
3673,66.47059669992034
3674,89.55339494899178
3675,80.49334512254663
3676,81.98384265860815
3677,87.33291443281013
3678,89.88856222513576
3679,84.286796576228
3680,68.2858613978491
3681,83.50358050559197
3682,67.77782273672204
3683,78.7367624321608
3684,79.4907465485217
3685,74.71709906422093
3686,77.21473342323513
3687,60.22154699584373
3688,65.59181215796784
3689,91.87905019947621
3690,46.8418093415725
3691,63.19238628550697
3692,77.40455009049256
3693,40.90859969623032
3694,98.51838028048452
3695,80.01903509633263
3696,83.86333136631407
3697,92.56927951598729
3698,59.97050659436144
3699,97.42457928081349
3700,44.759737277491176
3701,82.37591953746539
3702,98.80425918289225
3703,70.04740663674633
3704,72.18093019530582
3705,60.97271403662861
3706,60.07124861398078
3707,89.54884029300754
3708,101.41004010634646
3709,92.16947133953286
3710,96.3534002448791
3711,48.19913229050026
3712,100.29379499338981
3713,72.95130914734791
3714,79.78337895948435
3715,89.6465524262592
3716,90.97652053278372
3717,69.85304706489379
3718,83.01656234934892
3719,79.4813518681375
3720,79.2150923347296
3721,60.281322190801305
3722,75.49933622640602
3723,80.43595561318557
3724,63.29653715395619
3725,79.38651116560877
3726,97.13585609266549
3727,98.82568148285202
3728,69.81051980646318
3729,89.3669949768642
3730,47.89192073005546
3731,99.11793263830582
3732,99.14419902977608
3733,89.75061156031424
3734,65.2731669965036
3735,112.16599709885728
3736,61.48958109283396
3737,77.30539639228851
3738,96.32263981472812
3739,90.65725412948657
3740,47.40498081444808
3741,99.37703268175898
3742,80.43007616540291
3743,74.01598769885975
3744,73.01684218219589
3745,79.22203822525077
3746,66.30646544311199
3747,92.35838889901106
3748,39.143542012635024
3749,40.78173903609603
3750,97.08428606509342
3751,62.74447265368413
3752,92.39729292051882
3753,73.53314974188427
3754,88.8684318743079
3755,76.73324898313957
3756,101.90120709242176
3757,94.4745912594955
3758,61.14280754766961
3759,63.195961177767124
3760,84.59654603082829
3761,78.8150525453788
3762,78.03830207714938
3763,59.31202685866235
3764,73.33702419214464
3765,60.10628997217985
3766,58.56806573044859
3767,86.94027491999128
3768,99.09723938492246
3769,36.12842656313947
3770,70.41316274760953
3771,99.59147896417366
3772,85.44232906478118
3773,75.70268629779909
3774,61.52767555025635
3775,80.75627858987792
3776,73.93725572853529
3777,99.64128232226344
3778,44.081272522782776
3779,76.16102446840779
3780,60.46668291351632
3781,83.91103762487536
3782,67.01182674364871
3783,86.16372396871628
3784,88.58318591430353
3785,67.66139793285961
3786,101.5175185148203
3787,89.16500638481493
3788,83.4437950066922
3789,99.06562090380098
3790,89.5479851806048
3791,92.87425948753605
3792,70.04740663674633
3793,79.22203822525077
3794,106.77032787715453
3795,88.08435952765359
3796,39.42370851181701
3797,87.74111498430011
3798,90.76475656789944
3799,93.70776266414056
3800,63.41671358503698
3801,99.7238323437883
3802,98.64360326639223
3803,81.10775026000033
3804,24.637974390363404
3805,50.913808407180355
3806,82.92135730060012
3807,89.38067365980451
3808,60.96147903237795
3809,44.190718639340375
3810,58.35097734796511
3811,96.07506227615258
3812,41.088693611403734
3813,60.63550424004735
3814,65.61213552188178
3815,97.65783724215159
3816,54.16896700502551
3817,60.15631497607879
3818,76.51141715278618
3819,60.29103333031709
3820,108.54483682296673
3821,60.868955468263174
3822,89.90937286232014
3823,80.07508679528092
3824,104.77496143487645
3825,70.35762769223066
3826,59.3790818577409
3827,97.62650275601219
3828,86.11769831579309
3829,61.13838872107296
3830,71.15868805332838
3831,83.26330691858705
3832,90.4804907144919
3833,84.51848278636747
3834,21.66597017148679
3835,79.81024837954502
3836,114.59786959450346
3837,48.40814601911165
3838,89.12880941622599
3839,60.15359748180437
3840,78.84242449074081
3841,83.43137396433994
3842,99.48745325253869
3843,97.44821697834482
3844,82.75693928258441
3845,40.459569261960084
3846,76.53831154441173
3847,65.76824796006831
3848,43.73573023495118
3849,84.49684866415484
3850,91.39691200410005
3851,85.58368214270604
3852,60.58330495871781
3853,78.98782797529324
3854,78.04512501809027
3855,58.38916450276945
3856,98.75069292799043
3857,99.46972194938047
3858,89.58514946291247
3859,98.80425918289225
3860,45.415184181156434
3861,72.45763133898723
3862,53.799664273177086
3863,82.3257971670455
3864,68.81897903670976
3865,89.28363491307374
3866,90.9796932459485
3867,98.84538690724179
3868,88.79691210800031
3869,72.26673857101659
3870,86.98130417785471
3871,80.17502872393707
3872,60.21282335788078
3873,86.47245521854865
3874,67.02630563105073
3875,22.48529887478822
3876,83.22780847935726
3877,76.05234587247023
3878,56.581613791183074
3879,93.21415561378046
3880,84.30206487717777
3881,89.30518209813026
3882,41.552932979561945
3883,42.12756883724663
3884,84.82949331387633
3885,89.2715451775579
3886,71.63209310854519
3887,92.89222092333351
3888,98.49098057375457
3889,80.14186708305998
3890,72.38709155696347
3891,85.28331605514556
3892,88.37582905039406
3893,40.56065235161513
3894,100.20734345007033
3895,30.387961953850613
3896,101.03537283514923
3897,98.99766609407673
3898,91.18355961527467
3899,74.77514198131132
3900,87.70238619514824
3901,60.78309326258692
3902,61.13838872107296
3903,99.70015652675696
3904,46.50924166944021
3905,66.12757547835518
3906,35.83677124578199
3907,92.67966635020107
3908,58.75507226120468
3909,97.63069714465712
3910,68.9507518919912
3911,59.63033649160377
3912,99.18869646619311
3913,59.694589375018246
3914,94.8691141167523
3915,98.73626580136165
3916,79.7104351231235
3917,41.42188819714259
3918,90.53666669762242
3919,73.79119128281408
3920,99.24512184056951
3921,75.91414397558891
3922,54.52703617165194
3923,49.70113747784154
3924,106.2888372222341
3925,56.88517573602839
3926,69.31487470834522
3927,89.43060037249356
3928,70.52262898177943
3929,90.61697157340257
3930,79.85317348713122
3931,86.71062819937426
3932,79.98384838552532
3933,59.97050659436144
3934,60.39217674834742
3935,79.40301974392808
3936,62.14243396017553
3937,82.36843160893137
3938,81.56217840837701
3939,89.52547709528866
3940,99.17933284932604
3941,89.6726269141667
3942,76.13147575674337
3943,101.40792335856302
3944,72.38709155696347
3945,86.1174674980204
3946,98.92723383240445
3947,83.3314234576194
3948,99.00646521263208
3949,67.44546171790414
3950,74.50834872086534
3951,98.42305944441217
3952,89.60033902421961
3953,116.68733609082769
3954,81.37694063331067
3955,74.10852334399942
3956,99.5714326745913
3957,91.21146218078812
3958,82.67175157412638
3959,98.90606269199765
3960,72.60939613572276
3961,99.17296326717064
3962,24.67587040661065
3963,98.96454709237017
3964,41.76706994720409
3965,28.840009973798423
3966,43.315466202565474
3967,84.22001050602061
3968,92.46580697398853
3969,93.24028543728863
3970,98.17310805654208
3971,70.06061741106514
3972,97.44821697834482
3973,45.04653073105408
3974,55.48792377194161
3975,60.42422441490266
3976,78.44636508421628
3977,84.41789979370375
3978,91.36940142388909
3979,64.05357177925973
3980,103.99500486704261
3981,92.55409110409953
3982,65.9323403027691
3983,21.190809352320585
3984,76.31381287357198
3985,88.11723999006145
3986,89.54865384849674
3987,60.195006187404935
3988,81.84768067959912
3989,69.88401493376657
3990,101.03537283514923
3991,81.98384265860815
3992,50.400972784071456
3993,88.43874953011296
3994,101.46052088078116
3995,90.96474148491163
3996,98.04763788117717
3997,106.77032787715453
3998,95.58527287904576
3999,73.99002459663357
4000,75.91414397558891
4001,60.091004780918595
4002,90.35403904215684
4003,40.73570603763572
4004,60.21282335788078
4005,53.73802988906305
4006,32.70439892931381
4007,109.31415112710346
4008,103.99500486704261
4009,80.26968791982735
4010,50.2702262256265
4011,99.55922790094326
4012,85.2743067029242
4013,76.42071869766265
4014,70.4237343161145
4015,45.0075967089076
4016,106.41900588829839
4017,52.40812144910828
4018,76.93606395655156
4019,99.50536317309623
4020,91.91310950842544
4021,98.32951481676007
4022,60.82255069074895
4023,89.72737172358978
4024,89.2667733603136
4025,76.96463719655692
4026,60.091004780918595
4027,89.20131733651921
4028,78.97381187482999
4029,97.34400159882892
4030,67.59199509690404
4031,90.40490900506633
4032,99.75866720068211
4033,60.281322190801305
4034,59.3790818577409
4035,98.51838028048452
4036,60.26337648883684
4037,89.21379493369868
4038,47.5600069542446
4039,72.20994538475705
4040,74.56186041518133
4041,78.44882205031197
4042,63.68831228225253
4043,99.38416738567467
4044,61.39821067244697
4045,99.45197431928226
4046,98.38144233670664
4047,89.47192117477786
4048,98.69593536874788
4049,98.18194761551337
4050,78.72843733400981
4051,98.93247721912078
4052,87.18807816471613
4053,92.73790630309688
4054,69.86985536690297
4055,89.76581984987018
4056,89.50952510786026
4057,84.29136346469772
4058,45.39652984565443
4059,78.15418948929845
4060,60.81239672297114
4061,90.2788235646033
4062,70.07325543929062
4063,60.118789331845
4064,82.42329936866452
4065,60.119220159850485
4066,103.99500486704261
4067,78.68232488295511
4068,79.79660262753761
4069,61.94477590564648
4070,60.34634435597665
4071,97.41637673828986
4072,71.87826953200387
4073,99.04224032714887
4074,64.99176912975769
4075,68.56958268234642
4076,70.02871659008736
4077,99.09723938492246
4078,86.61991686019941
4079,65.37669480781703
4080,57.036776714577464
4081,87.89016410343376
4082,30.929966218682438
4083,83.55656762822525
4084,90.12054638466793
4085,71.63209310854519
4086,98.98127648952332
4087,64.19382593848707
4088,89.79989130815365
4089,45.64545500157887
4090,55.54751882605551
4091,100.0233442358627
4092,60.27129284443029
4093,98.51838028048452
4094,67.51853964130906
4095,77.01145404494675
4096,70.83987722973364
4097,58.87523251304253
4098,81.55740966034963
4099,98.18194761551337
4100,25.658792628754952
4101,99.15824026370097
4102,99.16158008821095
4103,76.06351146238569
4104,89.3669949768642
4105,35.34144175952229
4106,89.23640352668089
4107,59.792418457046935
4108,79.62829876459281
4109,98.94811321452207
4110,62.31602719842944
4111,99.09798975511387
4112,105.39785609898496
4113,84.35723996669884
4114,40.707866652579554
4115,91.68603779837196
4116,99.38420774102983
4117,73.4047102916826
4118,85.49157229811887
4119,59.94399147380025
4120,79.91377654716067
4121,84.39569298540707
4122,99.30681352534337
4123,94.66929199678988
4124,83.24839715084593
4125,89.60033902421961
4126,79.9953513148043
4127,99.15824026370097
4128,70.17902172961821
4129,79.79660262753761
4130,79.49519507829574
4131,79.75218692317843
4132,75.24537791420099
4133,80.9490899864144
4134,53.26519363749965
4135,96.51612784784919
4136,98.98680285340714
4137,77.90080400748856
4138,89.0773836224176
4139,80.82464652366357
4140,94.39260841093744
4141,49.32252699507015
4142,98.10258013146662
4143,55.26852901293993
4144,64.99176912975769
4145,99.76560056773681
4146,89.2715451775579
4147,83.11373289340979
4148,88.83451800921489
4149,99.53188769874686
4150,79.67302017625745
4151,88.25585334675205
4152,77.25055142495201
4153,65.63834815923074
4154,70.3071794244508
4155,40.7092680302309
4156,88.37521926061153
4157,40.22032095255166
4158,61.712337834848114
4159,89.43060037249356
4160,41.3271881893949
4161,89.12880941622599
4162,69.66464207972665
4163,67.04405460790915
4164,89.5408651492987
4165,60.32082281666753
4166,83.09395507582398
4167,79.82847552835325
4168,79.91296689326279
4169,80.37525707742637
4170,84.32290924511477
4171,87.89745509802489
4172,65.46514210269444
4173,61.77753856583464
4174,100.88409404135905
4175,80.09573385838941
4176,52.97357375581595
4177,70.25962626374695
4178,60.60277469548913
4179,93.25700386300738
4180,53.418407701464645
4181,80.99801392106849
4182,66.86920602552223
4183,98.96454709237017
4184,53.69884716362654
4185,82.52384502484182
4186,118.09631551163329
4187,68.24642149906815
4188,74.52363599914862
4189,40.99010091080217
4190,51.17780480538043
4191,99.24512184056951
4192,84.24006977122139
4193,89.30713087712994
4194,88.70064603918874
4195,81.98384265860815
4196,99.18957664682827
4197,60.877877935294045
4198,93.5424599792569
4199,54.021229860263574
4200,89.91912146672058
4201,77.34645991620116
4202,46.08637112950386
4203,97.11068077198203
4204,99.00062060414177
4205,29.098307938338117
4206,89.85534369872222
4207,88.8684318743079
4208,67.93029351892258
4209,55.22796427097047
4210,98.18194761551337
4211,59.96941965665799
4212,49.32252699507015
4213,97.74259366484789
4214,68.47360609632175
4215,90.53666669762242
4216,60.50263229121549
4217,75.1581981006812
4218,71.01144606441486
4219,98.77336164876603
4220,71.69704856005366
4221,75.84246008534983
4222,59.799951197935556
4223,66.38279237225119
4224,70.31901677725567
4225,94.63777594265856
4226,65.8965089920162
4227,77.15379305849234
4228,92.07445289978546
4229,81.67211789834909
4230,70.08809275851118
4231,36.988794022582525
4232,75.38706713506534
4233,67.77782273672204
4234,69.88401493376657
4235,89.3817061928068
4236,97.79137677103799
4237,76.635953668063
4238,94.22621510382902
4239,65.68054531478737
4240,99.46935293136647
4241,100.4306687956344
4242,69.98123080547418
4243,101.27079853806632
4244,63.8981650931167
4245,99.00062060414177
4246,89.42179456637766
4247,78.9878569330123
4248,40.86518124382719
4249,89.3669949768642
4250,89.72737172358978
4251,99.08511265551984
4252,79.41477935360653
4253,82.49739479865178
4254,60.92584608182401
4255,98.01067250216727
4256,98.81741308600901
4257,76.84392677147925
4258,98.92723383240445
4259,65.56525411719097
4260,79.50027155773284
4261,90.3444738795624
4262,92.85826856523605
4263,100.96611013361183
4264,87.70893533003412
4265,76.87597581649051
4266,60.34015253606053
4267,60.67258216271731
4268,22.612816323087728
4269,79.62506168222241
4270,81.98384265860815
4271,60.8673946797508
4272,60.64371589366142
4273,82.77015565255707
4274,22.48529887478822
4275,81.77196652298119
4276,80.43007616540291
4277,45.39604833981542
4278,65.81780930822708
4279,89.90230963467103
4280,95.23991246617507
4281,86.77070848010734
4282,88.11723999006145
4283,61.85922137762837
4284,98.29558536178419
4285,74.24408629473439
4286,91.70022027543729
4287,86.65419337551297
4288,89.28311508017433
4289,89.60460162487321
4290,48.24190717415455
4291,52.79477498347191
4292,91.11297238088895
4293,71.86026863378848
4294,76.77314537766479
4295,98.94811321452207
4296,81.92415973940975
4297,59.48745449198335
4298,101.12968220089067
4299,21.48632195860526
4300,77.3867860844218
4301,67.35732004164866
4302,46.17283427313439
4303,54.37014648535174
4304,107.01627363824775
4305,97.8410970293056
4306,90.76475656789944
4307,89.1630621545298
4308,69.98984366385635
4309,91.21146218078812
4310,87.08149767594259
4311,54.65152463414412
4312,81.2441586597262
4313,105.7156028864956
4314,92.9357930996348
4315,61.14280754766961
4316,21.155619481607552
4317,39.29838954255917
4318,98.84538690724179
4319,26.7865553168852
4320,88.71608346253723
4321,91.7982320145313
4322,79.38651116560877
4323,74.59707173199187
4324,59.831299467910426
4325,49.256391587961645
4326,78.3946973408773
4327,40.459569261960084
4328,86.09253620113763
4329,82.3257971670455
4330,98.5598715570042
4331,93.00209000450116
4332,97.78507145539895
4333,99.85453236171554
4334,59.89195668827396
4335,92.46580697398853
4336,76.03894744176385
4337,70.42338997748091
4338,40.56065235161513
4339,67.51028112543476
4340,72.6184038055629
4341,98.9333280862133
4342,65.2313305229139
4343,87.70456113106187
4344,102.68488304991837
4345,73.38588522436191
4346,70.18349725778965
4347,80.14186708305998
4348,81.39389462857756
4349,71.32588124424575
4350,64.7917577208485
4351,91.5295826540433
4352,79.69732464882075
4353,60.05141634235881
4354,89.42179456637766
4355,82.3257971670455
4356,89.59656497863816
4357,60.66951594229519
4358,80.4467169043188
4359,108.7653643813017
4360,86.58942996418158
4361,83.1224088747328
4362,60.01059712557923
4363,82.85577329033575
4364,46.32748653051047
4365,90.3042854157838
4366,85.93601799966757
4367,89.10736313785327
4368,81.1490899832478
4369,88.08833457067163
4370,75.86588687279428
4371,20.97843515985562
4372,74.80907720252213
4373,80.06809128209565
4374,99.00646521263208
4375,98.77336164876603
4376,70.08130688170085
4377,33.53935626084528
4378,54.90195273965561
4379,65.73725968462279
4380,80.00317480478452
4381,86.3006679704153
4382,43.70097527968215
4383,27.608940921911554
4384,72.3068857135184
4385,89.2977560594496
4386,25.658792628754952
4387,79.3437159744794
4388,103.8506904012763
4389,69.58326323750373
4390,56.321574246504966
4391,60.70181039991486
4392,89.70311764382205
4393,81.0311227759044
4394,83.51878655766734
4395,82.43158389587931
4396,60.264690859532
4397,98.93247721912078
4398,98.73626580136165
4399,77.73189601805467
4400,82.2940535654489
4401,60.63789261825953
4402,53.54162024535938
4403,22.382576968092657
4404,98.84538690724179
4405,49.64269342561096
4406,89.90230963467103
4407,46.81729808202056
4408,98.98127648952332
4409,38.50942795446707
4410,80.00317480478452
4411,89.08254614960293
4412,70.37043034024722
4413,99.64128232226344
4414,98.07657601579375
4415,68.20081218342655
4416,60.44863151242971
4417,99.41796289636379
4418,69.66268286535727
4419,109.9924178833364
4420,98.49098057375457
4421,84.15002677451895
4422,76.43102117355227
4423,63.36731311626064
4424,92.32280846934457
4425,66.94877579960692
4426,90.52439016901484
4427,86.90256938990795
4428,71.76404921855833
4429,49.69850892621528
4430,76.77229700424209
4431,70.97783446380403
4432,49.881424216564646
4433,84.46677931432613
4434,78.96495541278162
4435,67.77782273672204
4436,70.07325543929062
4437,79.91802094935471
4438,82.83096513905616
4439,110.96922555663772
4440,65.82183532917279
4441,60.56210503762535
4442,71.76344430680955
4443,75.363049610245
4444,89.52547709528866
4445,78.77973792331146
4446,86.47784780360473
4447,99.91340633980366
4448,98.88147326887267
4449,99.59199514680382
4450,81.38044827243932
4451,94.17117794607411
4452,89.88073855710432
4453,99.38416738567467
4454,82.26775586691808
4455,47.67785506017126
4456,43.71047961454951
4457,99.39195373760136
4458,77.3156501084353
4459,98.75069292799043
4460,41.42188819714259
4461,99.46735330980886
4462,89.55339494899178
4463,75.499276686015
4464,60.957341696554224
4465,81.15614577884956
4466,52.640671107592155
4467,99.3900910764925
4468,98.5598715570042
4469,68.56958268234642
4470,77.08809184365684
4471,20.80428665258961
4472,60.896289575933054
4473,85.91578273687955
4474,40.44560181664252
4475,63.693797463746066
4476,49.902107860585545
4477,91.84359415455017
4478,92.32906996174017
4479,77.9984315200218
4480,60.32082281666753
4481,79.36552906273768
4482,98.70780833924576
4483,37.127187658681194
4484,69.87753297442488
4485,37.53786098105424
4486,98.49098057375457
4487,65.53243737626883
4488,56.78630189809238
4489,53.49136133713325
4490,73.04377816926288
4491,66.49946276225134
4492,66.63647525891199
4493,95.14488457102381
4494,99.37703268175898
4495,64.70381231431257
4496,66.97955024055499
4497,72.85364602105506
4498,59.89195668827396
4499,98.98680285340714
4500,48.20754187834371
4501,84.10724558462832
4502,72.40773215695219
4503,99.43641822754114
4504,79.79267144413836
4505,89.6465524262592
4506,92.40970226258048
4507,46.406287115918744
4508,66.69669603311831
4509,95.26798867851028
4510,53.648796530050305
4511,86.53922346977615
4512,21.48632195860526
4513,69.14099545185853
4514,69.80815922591843
4515,75.49744493397246
4516,56.767875907477176
4517,22.42059300584181
4518,50.075393258310356
4519,59.47106574155251
4520,60.58330495871781
4521,71.03051705810796
4522,60.34634435597665
4523,52.97685156483908
4524,65.19442077782227
4525,64.01690199128942
4526,88.97369384084779
4527,93.09410191358012
4528,79.18595151070537
4529,82.39731596541665
4530,98.2515257579848
4531,65.2542669070124
4532,64.08016310359065
4533,98.78364101141183
4534,78.08310680031096
4535,76.10559277757783
4536,59.716903712384436
4537,70.35762769223066
4538,103.4776468578205
4539,65.59181215796784
4540,79.65663779117844
4541,39.7214997879429
4542,82.804354661925
4543,78.28240858311665
4544,99.77050436734011
4545,78.95850635688603
4546,66.09702584766187
4547,70.11710398945998
4548,96.0802424631689
4549,100.35309705998922
4550,105.91575262083069
4551,63.02489547249437
4552,89.38716042199972
4553,38.518765081789404
4554,79.6428255954253
4555,98.2515257579848
4556,25.658792628754952
4557,59.87326934115021
4558,96.99741542760289
4559,85.64308847271667
4560,93.74172628760803
4561,99.17933284932604
4562,102.07755224472581
4563,60.534734229799284
4564,85.1843392340111
4565,64.26582199823072
4566,80.31883272877496
4567,88.70064603918874
4568,99.13842868407902
4569,67.38640883190011
4570,88.37521926061153
4571,99.17933284932604
4572,83.82705851301259
4573,88.92993557841004
4574,99.5714326745913
4575,114.84692428953763
4576,87.34603172352507
4577,98.38144233670664
4578,59.462432585756474
4579,22.48529887478822
4580,69.98123080547418
4581,75.74423882010369
4582,74.34203402551532
4583,82.86802732764707
4584,92.38050243319107
4585,92.81454349873802
4586,85.7980769680237
4587,79.77190587927069
4588,84.66342446770842
4589,98.78364101141183
4590,78.80631635466386
4591,99.59778898610239
4592,84.22066822562564
4593,82.97322815146637
4594,88.22346840800299
4595,70.94218860181363
4596,79.9852671512201
4597,21.095955762192602
4598,76.98002757404706
4599,80.99852849320766
4600,82.66953455916729
4601,59.792418457046935
4602,88.83451800921489
4603,65.15400372042308
4604,60.22991673286792
4605,88.69818964909027
4606,70.30857397917629
4607,98.75069292799043
4608,101.10801011139732
4609,97.8410970293056
4610,79.81959350895899
4611,98.87656092185443
4612,79.4813518681375
4613,92.57182204300602
4614,89.7427747792443
4615,80.83970304398474
4616,29.54250331226536
4617,41.776440295305704
4618,89.90929814280544
4619,99.53834338866773
4620,79.2738367026568
4621,88.79691210800031
4622,59.94399147380025
4623,92.15374034801212
4624,60.21282335788078
4625,87.68773458442526
4626,70.05024462441641
4627,40.86518124382719
4628,80.35039566695073
4629,42.12756883724663
4630,48.24190717415455
4631,55.20851966039773
4632,88.69818964909027
4633,39.771144016964314
4634,106.77032787715453
4635,99.08511265551984
4636,100.08456103641012
4637,82.46938997016981
4638,54.553677051166446
4639,60.8673946797508
4640,89.49182020801081
4641,89.1405969864409
4642,79.22264691562961
4643,97.74259366484789
4644,85.26054684704545
4645,89.42836315997988
4646,98.71738401578143
4647,89.43060037249356
4648,78.46242511917704
4649,65.65527112739231
4650,70.05394513249996
4651,58.8731550680932
4652,91.68603779837196
4653,80.25276820721535
4654,87.45825946246138
4655,79.43442316678673
4656,61.05105158159497
4657,95.98134181321821
4658,106.77032787715453
4659,88.64318840462086
4660,41.1109126302845
4661,61.36543334382591
4662,69.68472665222399
4663,60.264690859532
4664,99.38420774102983
4665,84.96261567331413
4666,101.13758996967121
4667,79.98384838552532
4668,21.190809352320585
4669,50.10615607706497
4670,104.3484212342398
4671,59.67206881502411
4672,103.8147709442361
4673,60.66951594229519
4674,89.52290587447084
4675,79.9606373476254
4676,75.18475027773485
4677,58.89452197776299
4678,101.03537283514923
4679,80.77615762596758
4680,66.70515380443777
4681,55.79370419371082
4682,80.14186708305998
4683,100.1410151725872
4684,96.35636006023584
4685,39.95118782930618
4686,70.10756348233313
4687,78.98782797529324
4688,78.85343999412348
4689,76.35790989913346
4690,98.80425918289225
4691,60.92584608182401
4692,56.509902937040536
4693,93.51507955206787
4694,45.437689598571836
4695,72.79534601099797
4696,61.85922137762837
4697,59.94879479139538
4698,68.56958268234642
4699,62.518492211694735
4700,59.21358097934845
4701,42.16588099087307
4702,79.63957933136462
